,date,NO2_govt,SO2_govt,CO_govt,PM2.5_govt,CO_sat,NO2_sat,SO2_sat,index
0,2018-01-01,47.638999999999996,23.29104166666667,1.479642857,280.90647058,141.793862,6.100581200000001,-0.589999974,0
1,2018-01-02,40.497875,16.38416666666667,1.207857143,229.91411764,141.38640825,10.873920000000002,0.194589942,12
2,2018-01-03,53.703875,17.50645833333333,1.0335714285,208.47035293999997,126.9509085,26.41505593333334,-0.232304861,14
3,2018-01-04,57.357031250000006,18.192500000000003,1.1728571429999999,243.41858824000002,119.15108175,8.728332400000001,0.163479263,27
4,2018-01-05,45.279375,15.49475,1.2889285715,215.82364705999998,128.25087966666666,16.335763680000003,-0.041019358166666686,33
5,2018-01-06,65.019,21.1095,1.2214285715000002,246.59870588000004,127.241947,6.82334344,0.18816202425,35
6,2018-01-07,63.4625,23.3895,1.0082142855,169.60058824,122.8036125,15.887820181818183,0.10462249036363636,47
7,2018-01-08,63.847187500000004,25.407249999999998,1.0346428570000001,170.96976469999998,112.3116815,4.733482800000001,0.18235140533333336,54
8,2018-01-09,57.919264705,26.064500000000002,1.1514285714999999,203.61152942,159.7218216,14.479267634689274,-0.020081950808096383,57
9,2018-01-10,57.611470587499994,23.213,1.042857143,181.366,165.0769265,16.83877272,0.44767709775000003,68
10,2018-01-11,61.321911764999996,26.5565,1.1817857145,160.5482353,157.044269,13.177674685714289,-0.6086123671666667,70
11,2018-01-12,83.6525,31.31275,1.2057142855,173.66141176000002,163.2142815,18.730202436363637,0.083691124,82
12,2018-01-13,78.05367647,27.707,1.587142857,235.86694118,148.0802895,5.192590706666667,-0.29110732475,85
13,2018-01-14,70.72514706,26.037,1.3664285715,230.10117648,139.0697436,16.425406181818182,0.15816961400000001,97
14,2018-01-15,66.786117648,22.23270833333333,1.112857143,198.65188236,148.35192533333336,6.237355900000001,0.08273921933333334,103
15,2018-01-16,65.038705882,24.07145833333333,1.265357143,174.48305882,145.449303,11.088005,-0.35290338949999994,105
16,2018-01-17,52.784470588,16.859375,1.3485714285000001,230.46082352,136.61338,4.2791996,0.004867846000000003,118
17,2018-01-18,60.815647058,20.98,1.4525,262.47235294,137.9230525,10.6032094,0.06407289262500002,124
18,2018-01-19,61.167529412,20.945625,1.1807142855,208.76517647999998,133.93582750000002,14.614905680000001,-0.1257996814,126
19,2018-01-20,57.954125,20.656458333333333,1.102857143,131.047375,145.790788,8.578856285714286,0.37737620283333334,138
20,2018-01-21,63.321749999999994,20.828958333333333,1.2414285715,149.0235,139.7565935,18.926407781818185,-0.008028687153846163,145
21,2018-01-22,60.550352941999996,20.968958333333333,1.5978571430000001,181.06411764,114.8136125074424,7.293936266666667,-0.0038536987499999953,147
22,2018-01-23,59.106352942,18.092291666666664,1.1060714285,152.22988236,135.54624,14.543899333333334,0.034705469999999995,159
23,2018-01-24,48.636,19.064375000000002,0.9617857144999999,112.8122353,131.432898,5.9533114000000005,-0.7027005223333332,161
24,2018-01-25,51.129294118,16.424375,1.2,102.09658824,130.0795705,12.611040000000001,-0.11635961724999999,173
25,2018-01-26,41.233764706,20.770833333333332,0.9867857145000001,114.10811764,126.1942085,9.841673100000001,0.079518292,175
26,2018-01-27,49.553999999999995,19.721458333333334,1.0160714285,141.2045,135.352214,11.938894880000001,-0.12000136530000001,188
27,2018-01-28,41.438,20.1525,1.270357143,158.3785,124.2151485,15.198707720000002,0.05967352288888889,189
28,2018-01-29,44.662352942,20.685208333333335,1.314642857,150.27658824,130.9090295,6.645149206666667,-0.2618962792,199
29,2018-01-30,57.288117648000004,19.296666666666667,1.3692857145000001,133.98682351999997,153.016299,10.8716828,0.13975157545454547,208
30,2018-01-31,53.781058824,16.54,1.5992857145,131.47105882,151.49513866666666,7.963533360000001,0.7438042915,210
31,2018-02-01,53.575125,21.269242424999998,1.190172414,138.69886666,145.28632166666668,11.126340369230771,-0.12244575083333332,218
32,2018-02-02,45.345749999999995,26.116060606666668,0.9905172415,117.39633334,126.4270395,6.467237600000001,-0.09090064466666666,230
33,2018-02-03,65.57051613,22.090378788333336,1.0062068965000002,106.375,139.67510320000002,11.216586153846155,0.3142975904,236
34,2018-02-04,70.93051613,21.954242425,0.9239655170000001,104.37696552,123.3420335,10.186291200000001,-0.33671035975,238
35,2018-02-05,53.526614583333334,22.33128787833333,0.658505747,90.3925,130.44336825,7.401473520000001,0.1597226825,250
36,2018-02-06,44.81104166666666,22.855779221428573,0.6333333333333333,98.15666666666665,137.71932533333333,10.361778755555555,-0.050536616125,252
37,2018-02-07,43.631354166666675,20.376753247142858,0.7895402300000001,94.34855555,149.593689,5.886557300000001,-0.08783439825,264
38,2018-02-08,49.75119791666666,20.481623377142856,1.0889655173333332,131.89306451666667,137.913351,13.418614366666667,0.10116360983333333,267
39,2018-02-09,50.05755208333333,23.536883117142857,1.181494253,126.43483333333334,135.158189,6.259657400000001,-0.07058937775,279
40,2018-02-10,54.64505208333333,22.531233765714287,1.3666666666666665,138.62021504999998,128.39154825,12.516288335943225,0.02772323488133721,285
41,2018-02-11,41.09395833333333,21.23266233714286,0.8801149426666667,116.44627778333331,129.0172805,8.4683378,-0.090000004,287
42,2018-02-12,30.015677083333333,15.422337662285713,0.6809195403333334,86.690860215,130.0359145,8.930639200000002,0.03633719987179598,299
43,2018-02-13,34.91885416666667,17.456883116857142,0.6471264366666667,91.432,141.3514838,12.981166566666667,0.07809250409090908,301
44,2018-02-14,32.32365591333333,18.000259740285717,0.582183908,71.53811111166667,148.45863925,9.452873120000001,-0.12279261650000001,313
45,2018-02-15,33.269947916666666,19.11448052,0.6970114943333333,74.18489247333333,124.88453625000001,11.069903163636365,-0.1823204861,315
46,2018-02-16,37.082187499999996,19.806428571428572,0.7951724136666667,104.39666666666666,120.91671433333335,8.559248960000001,0.39187450966666665,327
47,2018-02-17,39.09479166666667,19.363246752857144,0.8150574713333333,108.64383333333335,134.88655300000002,14.106796923076924,0.056964114,334
48,2018-02-18,39.78302083333333,20.361168831428568,0.9629885056666666,111.94419355000001,136.5551725,6.635585333333334,0.2871841103333333,336
49,2018-02-19,43.17234375,22.632532467142855,1.093908046,144.71768816666668,134.8787918,15.333926430769234,0.1566699259090909,348
50,2018-02-20,46.88708333333333,19.45350649285714,1.2044827586666667,136.6317742,115.57131100000001,15.274304400000002,0.1099305038,350
51,2018-02-21,48.65802083333333,22.994545454285714,1.28045977,140.04521505,127.59119266666666,10.861634200000001,-0.06963756470000002,362
52,2018-02-22,38.61752688166667,25.77231292571429,1.1164367816666667,141.29438888333334,142.2013155,18.684480836363637,-0.10491657062500001,365
53,2018-02-23,39.28951612833333,25.26701298714286,1.1310344826666665,132.53465516666665,138.941687,10.638907466666668,0.32474887275,377
54,2018-02-24,34.71532258,18.96090909142857,0.8370114943333333,131.89247126666666,128.8426575,19.361628514285716,0.307192988,383
55,2018-02-25,30.799032258,23.97780303,0.6470114943333334,102.94155172333332,137.661118,8.846897733333334,0.12920146166666668,385
56,2018-02-26,25.59795699,15.65655844157143,0.6562068966666667,95.96588888833332,129.31802000000002,13.957584215384617,-0.036526401615384604,398
57,2018-02-27,29.320537635000004,17.39448052,0.7964367816666668,81.32788888833333,129.424734,13.409291760000002,0.039197751999999995,404
58,2018-02-28,32.3134375,22.40545454571429,0.9527586206666667,127.56105554999999,142.802795,19.806113333333336,0.28020026175,406
59,2018-03-01,36.83807291666667,20.820779221428573,0.922643678,121.12811828333334,122.236088,13.022799309090912,-0.021424779666666668,418
60,2018-03-02,32.61223958333333,18.12396103857143,0.8683908046666667,179.38370968333334,127.009116,10.318658240000001,-0.032912682750000005,425
61,2018-03-03,28.003385416666664,21.98448052,0.7027586206666667,76.37543010833333,112.22437,12.267833466666668,0.0008503399999999958,427
62,2018-03-04,26.97765625,25.32844155857143,0.6003448276666666,72.472903225,131.00222360025717,8.46509104,0.23367305966666665,439
63,2018-03-05,25.89890625,20.714675324285714,0.64045977,78.702419355,155.841311,11.260877507692308,0.08737384233333333,441
64,2018-03-06,26.060833333333335,19.377467532857143,0.6703448276666667,69.03166666666667,110.187102,10.5008528,0.19503294666666668,453
65,2018-03-07,29.902708333333337,18.12461039,0.8002298849999999,79.534139785,113.53986324,11.266631753846156,0.17934712883333334,455
66,2018-03-08,37.87291666666667,21.160779221428573,1.2590804596666667,117.17462365,158.38304549999998,17.78581144,-0.043218518799999994,468
67,2018-03-09,32.66140625,24.319155844285714,1.0772413793333333,96.25655913333333,130.92843233333335,11.0177071,0.0870815079,474
68,2018-03-10,24.951874999999998,20.16844155857143,0.8187356323333334,69.23849462333332,109.799051,11.258658581818183,0.000377117333333334,476
69,2018-03-11,25.737916666666667,21.762532467142854,1.228965517,71.83424731166667,116.70636,8.231435866666667,0.0722055212,489
70,2018-03-12,40.78666666666666,23.139115645714288,1.2655357145,87.15177778333333,120.155164,10.831179766666667,0.00876773916666667,495
71,2018-03-13,52.88704300999999,23.958299320000002,1.3817857144999999,87.43683333333333,98.8366082,13.2399752,-0.181130081,497
72,2018-03-14,55.135625000000005,22.25857142857143,1.331724138,108.45849461666667,135.5656425,12.49656915186778,0.04033206142205517,509
73,2018-03-15,40.23427083333333,23.23818181857143,1.0955172415,105.13655555000001,192.9001885,11.163018880000001,0.03378213899999999,516
74,2018-03-16,37.350260416666664,25.618311688571428,0.906551724,96.61575268333333,147.265382,10.468334440000001,0.22057261183333332,518
75,2018-03-17,31.358655913333337,22.3992517,0.8516071430000001,63.056000000000004,120.373443,10.300872072727275,0.20029541488888888,530
76,2018-03-18,31.391611111666666,23.371928571428572,0.932222222,77.772785714,138.35961,10.736817866666668,0.004772183400000002,532
77,2018-03-19,43.49965517166667,24.6325,1.0523076925,74.83636904833334,113.834782,10.204618307692309,0.06216789463636363,544
78,2018-03-20,46.59338541666667,24.279220778571432,0.9448275863333334,96.19435483333332,128.84589758647505,12.518722600000002,0.039543321799999996,546
79,2018-03-21,26.329114583333332,24.294935064285713,0.821494253,96.88317205,149.322053,12.184718040000002,-0.014952640000000003,558
80,2018-03-22,21.683541666666667,22.734220778571427,0.7411494253333334,90.18145161333332,173.342414,12.647797760000001,0.17990325633333334,565
81,2018-03-23,24.281510416666666,21.73201298714286,0.7833333333333333,73.21634408666667,130.617991,9.94147036923077,0.06017026116666666,567
82,2018-03-24,24.41984375,21.37142857142857,0.743908046,73.79166666666667,134.3432815,12.441381963636365,0.1966839818,580
83,2018-03-25,24.594687500000003,20.432142857142857,0.8679310343333334,77.46198924666668,134.4742485,11.299305250000002,-0.1168975186,586
84,2018-03-26,28.94322916666667,23.252792207142857,0.9520689656666667,80.24005376333334,125.379302,10.415095876923079,0.04496313341666667,588
85,2018-03-27,32.71265625,24.640584415714283,1.0839080460000001,101.70155913333333,171.479769,10.959726960000001,-0.2797467013333333,600
86,2018-03-28,31.445260416666667,26.416893939999998,1.0716091953333333,107.6511828,125.7285475,12.176555550000002,0.11044628241666667,607
87,2018-03-29,26.22435483833333,26.29689394,0.821724138,91.48788888833333,132.56896554515953,11.657908200000001,-0.266000003,609
88,2018-03-30,32.277625,24.336590908333335,0.9554022990000001,85.879301075,140.629709,12.995810923076924,0.27569272907692305,621
89,2018-03-31,26.806111111666667,19.929083333333335,0.9054320986666666,74.66545977,164.262019,11.125664533333335,0.389669985,623
90,2018-04-01,26.283548386666666,17.411363636666668,0.9849425286666667,66.423055555,146.83852566666667,11.356052266666667,0.08406320083333334,635
91,2018-04-02,29.547447916666666,21.968030303333336,0.8905747126666667,79.712580645,135.507435,12.149901636363637,0.07031534611111111,637
92,2018-04-03,28.954166666666666,23.280075758333336,1.0237931033333332,89.04655913333333,149.710104,12.41285792,-0.0032642534999999945,650
93,2018-04-04,29.56630208333333,22.665093167142857,0.986091954,93.08080645000001,148.545951,12.513910426666667,0.09775057183333334,651
94,2018-04-05,33.081614583333334,23.658074534285713,1.2170114943333334,93.25129031666667,125.41441634664581,11.495585866666667,0.08121216633333334,661
95,2018-04-06,27.357031250000002,24.745869565000003,1.0089655173333334,72.40086021500001,138.068572,10.682012492307694,-0.12955998700000002,670
96,2018-04-07,21.99864583333333,20.156231883333334,0.8920689656666667,55.58763440833334,131.782144,10.455023100000002,0.38652446900000004,675
97,2018-04-08,19.966944445,18.649848485,0.8404597699999999,49.94216666666667,150.99067250000002,13.073640030769232,0.024914761624999997,684
98,2018-04-09,23.499388888333332,17.600507246666666,0.9369999999999999,52.422222221666665,135.5074345,12.019151054545455,0.18129899942857142,686
99,2018-04-10,23.221718749999997,20.155416666666667,1.0332222223333334,67.70827777833334,161.50685633333333,13.505182771428574,0.129308,698
100,2018-04-11,18.657849461666668,19.133257575,0.8528735633333332,50.18517241333333,140.629709,13.091277644444446,0.029654399999999997,705
101,2018-04-12,62.097741934999995,18.680378788333332,0.8601149426666667,53.471055555,136.788003,11.878619573333335,-0.004616535666666668,707
102,2018-04-13,31.880913978333336,24.415565218,1.0280459769999999,65.42062068999999,127.241947,10.425126400000002,0.08116495964285712,719
103,2018-04-14,37.729569891666664,24.686785714285715,1.1586206896666666,77.668,139.232725,10.001791133333334,0.23568334000000002,721
104,2018-04-15,37.00688888833333,24.883304348000003,1.322142857,92.43834482,128.9881765,12.410714148033241,0.045681947196998196,733
105,2018-04-16,35.472666665999995,23.251130433999997,1.2882142856666667,88.11944828,123.283826,9.993572400000001,0.10168338466666667,735
106,2018-04-17,27.764222221666667,23.360173914,0.9298809523333333,63.324689656,155.705493,13.158655076923079,0.17271273383333333,747
107,2018-04-18,22.453655913333332,25.420416666,0.8916091953333334,60.9802,130.60949120025987,10.757486900000002,0.026793603727272727,749
108,2018-04-19,28.438333333333333,26.097583334,0.9979761903333334,74.72319999999999,131.193740153851,14.041834142857144,0.08554644418181817,761
109,2018-04-20,20.59161290333333,18.306319445,0.7889285713333334,84.1198,127.89610463413489,11.414796,-0.16062874375,763
110,2018-04-21,20.763333333333335,23.754916665999996,0.7664285713333333,81.50873334,131.09579967429386,12.258671600000001,0.09107914333333333,776
111,2018-04-22,22.804516128333333,21.112916666,0.7927380953333333,55.607103448,118.103344,9.913034542857144,-0.029410767999999997,782
112,2018-04-23,27.33295699,21.733125,0.9479761903333334,65.7,126.99601244491015,9.528660933333335,-0.022802611333333334,784
113,2018-04-24,32.8845,26.069782608333337,1.2257471263333333,103.54005746666667,114.58178050000001,14.475683292307695,0.01815560066666667,796
114,2018-04-25,45.52733333333333,24.369583333333335,1.362888889,101.79220238333335,125.11628399362773,12.835590333333334,-0.06480354811111112,798
115,2018-04-26,43.79473118333334,25.15095238142857,1.2547777776666666,100.83097701666667,154.5413395,15.184139600000002,0.12811139383333334,805
116,2018-04-27,31.940752688333333,19.725763888333333,0.9770967743333333,78.44017241666667,154.715963,13.2160851,0.03384952118181817,817
117,2018-04-28,28.309623656666663,20.639791666666667,0.8372222223333333,68.923,139.814802,13.544256960000002,0.0964310940909091,824
118,2018-04-29,34.550733334,22.681231883333336,0.8096551725,73.945785714,130.90780512802093,14.008027507692308,0.07189381341666666,826
119,2018-04-30,32.390591398333335,20.685362318333333,1.0536666666666665,65.53816666666667,126.26021971938603,11.871604666666668,0.05984545033333333,839
120,2018-05-01,23.718225806666666,16.222597402571427,0.8996774193333333,53.796,143.36546850000002,12.312475753846154,0.09016217376923077,840
121,2018-05-02,23.030937499999997,19.122608695666667,0.9396666666666667,58.80779569833334,138.417818,10.398355200000001,-0.014721602499999986,850
122,2018-05-03,21.270698925,18.5692,0.8925287356666667,49.86866666666666,151.63095650000002,12.651115815384617,-0.1641293318,859
123,2018-05-04,24.82885416666667,14.85767857142857,0.9281111110000001,53.16086021499999,135.274604,11.714400320000001,0.10553759119999999,861
124,2018-05-05,37.373697916666664,20.243933333333334,1.2014444443333334,134.16,140.513293,14.513329569230772,0.2584954468,869
125,2018-05-06,42.282937499999996,24.166666666666668,1.2774999999999999,86.17876343333334,131.89856,11.645874633333335,-0.013848313571428572,881
126,2018-05-07,46.6710625,27.73866666666667,1.068,93.29215053333333,143.772922,11.284756400000001,-0.021816734833333334,887
127,2018-05-08,35.43421875,19.444666666666667,0.8353333333333334,66.01876344166666,127.59349916110148,12.670939692307693,0.20439078091666665,889
128,2018-05-09,44.130364583333325,23.165666666666667,0.8766666666666666,69.60134408666666,130.02662910683082,12.5367753,-0.08597548933333334,901
129,2018-05-10,47.80348958333334,21.921319444999998,1.1411494253333334,94.78827957,135.391019,15.928806153846155,0.06971067308333334,903
130,2018-05-11,43.50239583333333,23.432152778333332,1.4377011493333336,112.32822221666667,140.978955,18.9910456,0.32089340075,915
131,2018-05-12,37.974301075,23.56654761857143,1.5003448276666667,111.68142856666667,149.011612,14.284773114285715,0.0444450006,918
132,2018-05-13,18.4731666675,19.635347221666667,1.0064285713333334,63.94345238166667,146.62509799999998,16.172749563636366,0.03725098345454545,929
133,2018-05-14,22.249388888333332,19.615138888333334,1.1698809523333333,53.13454023,144.005753,12.2435752,-0.030585055333333333,937
134,2018-05-15,30.323709676666667,18.8646,1.125402299,76.80966666666667,124.30792688378483,11.826286640000001,0.027250584642857144,943
135,2018-05-16,35.473444445,17.30748571428571,0.8755172413333333,73.74300000000001,126.96492552695439,12.890328100000001,-0.116571779,945
136,2018-05-17,34.919462365,23.496057142857143,1.047356322,95.64494253333334,127.49002580363894,12.21540333787819,0.04268369824993842,958
137,2018-05-18,32.97880952333333,22.93794285714286,1.0090804596666667,91.924944445,129.8769691754854,15.575743600000001,-0.009661656799999996,964
138,2018-05-19,35.01304597666667,20.735999999999997,1.0613793103333333,89.31372221666668,128.68066322191996,17.366758861538464,0.10717735245454546,966
139,2018-05-20,31.810714286,19.839599999999997,0.9188095236666666,82.873390805,128.74013056538448,14.985449920000002,0.012539461299999995,979
140,2018-05-21,27.000229885,20.802,0.827142857,84.75511494333334,134.692527,13.354311034666669,0.009150541900000003,985
141,2018-05-22,31.468620689999998,20.79182857142857,0.966091954,87.42661111166666,156.345777,14.883056257142858,0.015703744833333335,987
142,2018-05-23,34.79035714333333,25.672738095714287,1.0938095236666667,102.24356321666666,128.91828272094372,12.872800755555556,-0.05589515939999999,1000
143,2018-05-24,30.023333333333337,23.935542857142856,0.9910344826666666,91.3455,129.39104578293782,13.611416200000003,0.04648975291666666,1006
144,2018-05-25,39.359012345,21.560892857142854,1.0023809523333334,75.69154761833333,129.79866396899158,16.2908298,-0.024109104000000003,1008
145,2018-05-26,43.480555555,22.803714285714285,1.1081609196666666,89.1604023,130.035914,15.927844461538463,0.17391721041666666,1020
146,2018-05-27,34.06975308666667,18.925773810000003,0.9450574713333334,89.61779761833333,127.85187323184046,16.40277596666667,0.208911356375,1028
147,2018-05-28,34.996724138333335,21.818,1.005862069,91.46288888333333,129.34804689446133,16.11606688,0.036102827846153845,1034
148,2018-05-29,34.32683908,13.870000000000001,0.9973333333333333,89.92677778333332,125.53063275894141,17.352932184615387,0.006263624416666669,1036
149,2018-05-30,25.744080460000003,16.79017142857143,1.1932222223333333,65.476944445,138.650648,13.122669466666668,0.12749928866666668,1048
150,2018-05-31,27.177023809999998,17.9896,1.6674444443333334,70.09938888833334,120.04054688982075,14.7223082,0.09255519436363636,1055
151,2018-06-01,24.234252873333332,17.46742857142857,1.1942222223333332,62.683444445,121.42286292040824,9.14822664,0.101054579,1058
152,2018-06-02,24.67691358,14.959503105571429,0.867142857,50.95970238166666,128.988177,13.634526100000002,0.1374763869090909,1069
153,2018-06-03,24.66541666666667,16.29339285714286,0.8377011493333334,62.672298850000004,125.63622848259347,10.978960971428572,0.0356667046,1076
154,2018-06-04,23.505722221666662,14.894628571428571,0.9102222223333335,69.9715,125.8056834013669,14.50882190769231,0.0973129556,1078
155,2018-06-05,27.58322222166667,14.4592,0.8655172413333333,63.571321838333326,125.8784863381072,13.348752000000001,-0.05620038781818182,1090
156,2018-06-06,34.777333334000005,16.885208333333335,0.9257142856666666,58.850595238333334,126.07177286646963,12.984977640000002,0.04439640685714286,1092
157,2018-06-07,29.158965516666665,19.12537142857143,0.9888095236666666,71.78857142833333,127.97330696287534,14.877870053333336,-0.0144979326,1104
158,2018-06-08,24.20034482833334,15.2064,0.9264285713333332,67.441011905,123.12036817043531,10.16220135,0.14121747425,1106
159,2018-06-09,23.630333333333336,16.743714285714283,0.7990804596666666,50.63982758666666,127.97734616791092,13.266290861538463,0.03809382566666667,1118
160,2018-06-10,27.572166666666664,18.199314285714287,0.8610000000000001,62.35527777833334,128.8179366646971,14.522536266666668,-0.028388793333333332,1125
161,2018-06-11,29.266091953333333,17.228457142857142,0.7296666666666667,66.31666666666666,129.00770905675628,15.005542492307693,0.1705912477777778,1127
162,2018-06-12,42.963133334,17.770114285714286,0.753,92.1004023,130.67572003895958,18.357188977777778,0.0025614247499999993,1140
163,2018-06-13,20.829946236666668,11.117533333333334,0.6741111110000001,143.23689655,125.86712683419128,17.793812430769233,0.188626041,1146
164,2018-06-14,21.272666666666666,12.661600000000002,0.675888889,206.87034483333332,124.57731547014836,15.176986200000002,-0.06925553599999999,1148
165,2018-06-15,24.4282,14.403714285714285,0.5867777776666667,152.34373563333335,128.11471440193108,15.545995163636364,-0.10834766422222222,1160
166,2018-06-16,34.766666666666666,15.739485714285715,0.8016666666666667,106.1312069,124.916731640054,11.764585381818183,0.0018432935999999956,1167
167,2018-06-17,39.528390805,16.557314285714288,0.7261111109999999,69.23533333333334,127.164212881542,11.884984000000001,-0.04458495966666667,1169
168,2018-06-18,43.16354838666666,18.950857142857142,0.7869999999999999,69.77316666666667,127.29034847003652,11.503152983260424,0.0574719534338546,1181
169,2018-06-19,37.79096774166667,17.416742857142857,0.6592222223333334,64.772944445,128.59778004976363,12.496945933333334,0.03705779099999999,1183
170,2018-06-20,35.76682795666667,22.24954285714286,0.957111111,104.04577777833333,128.96460504177824,15.161368461538464,0.10515669854545454,1195
171,2018-06-21,45.79510752666667,19.13245714285714,0.6082222223333333,68.44938888833333,132.00536592600363,17.18961832,0.21680155344444443,1197
172,2018-06-22,39.645698925,20.892742857142856,0.699888889,70.849770115,115.658622,15.422596114285716,0.19516880990000002,1210
173,2018-06-23,33.934770115,18.868914285714286,0.652643678,64.59505952333333,130.79931767888766,14.407242133333334,0.03675403683333333,1216
174,2018-06-24,30.005277778333333,19.990342857142856,0.5996551723333333,60.11925287333333,130.75171894915212,12.070620571428574,0.061573256,1218
175,2018-06-25,28.371321838333333,16.72782857142857,0.6327586206666668,60.17238095166667,128.7450060423973,13.310187415384616,0.19993354057142856,1231
176,2018-06-26,26.833908046666664,17.743750000000002,0.6508045976666667,54.148444444999996,128.05244820938108,9.937299300000001,0.0,1237
177,2018-06-27,28.643888888333333,14.623630952857143,1.0397530863333333,45.76461111166666,122.26356557899419,10.1158946,0.06254625053967078,1239
178,2018-06-28,29.840999999999998,14.364107142857145,0.8892857143333334,30.25672619,125.73862012199668,13.12701728,0.07131026924314222,1251
179,2018-06-29,33.322555555,13.890654761857144,0.8995402299999999,38.967758620000005,122.71982768855041,8.5326056,-0.050000001,1258
180,2018-06-30,35.31422222166667,12.994404761857142,0.9420689656666666,46.71810344833333,114.96013,10.362238520000002,0.047560322,1260
181,2018-07-01,31.24127777833333,12.891180124285714,0.7544047620000001,43.49218390833334,127.009116,11.2744728,0.10000000149999999,1272
182,2018-07-02,30.09883333333333,13.229068322999998,0.7690804596666667,38.65428571499999,126.85236076828986,12.9041602,-0.19221807200000002,1274
183,2018-07-03,29.356111111666667,16.118516482857142,0.9954166666666667,38.4690625,124.46500249967409,11.305060400000002,0.06740341968311496,1286
184,2018-07-04,27.085980391666666,15.327091836714287,0.7371717173333333,33.883535353333336,126.70095834154812,11.189560720000001,0.069894179875,1288
185,2018-07-05,32.961862745,15.939081632857143,0.7675757576666666,43.466717171666666,125.36452426986054,9.487714533333333,0.06474118064944465,1300
186,2018-07-06,33.305539215,17.692962963,0.8723232323333333,51.80525252499999,126.58863895542447,12.58205473846154,0.182199519,1307
187,2018-07-07,32.11965686333333,18.50042328,0.9471875000000001,57.81494949500001,126.71209263150136,12.726996520000002,0.0630620191,1309
188,2018-07-08,31.29715686333334,22.83613756571429,0.8951041666666666,50.32085858666667,130.21287014533544,13.113806833333335,0.0866253618888889,1322
189,2018-07-09,30.201029411666667,17.231640211428573,0.8904166666666665,43.94782828333334,125.6615008411855,11.117597766666668,0.14481006066666666,1328
190,2018-07-10,25.30745098,16.64994898,0.66375,36.769747475,126.62066177863613,8.091896,0.0,1330
191,2018-07-11,28.326470588333336,15.304387755714286,0.7294791666666667,34.59050505,127.40689609299498,11.6533821,-0.049004509,1342
192,2018-07-12,29.417843136666665,16.79270408142857,1.0445833333333334,35.48833333333334,123.60347611726269,9.907706533333334,0.0691836663055826,1349
193,2018-07-13,28.86117647,20.55142857142857,0.8218181816666666,28.61388888833333,128.35238683584896,10.49900335,0.15882039925,1351
194,2018-07-14,28.443787878333335,20.562380952857144,0.7303225806666666,31.478817205,129.0325068037296,9.521445314285716,0.04838535375,1363
195,2018-07-15,26.46560606,15.837460317142858,0.6412222223333334,33.19650537666667,127.2654553187566,9.797490280000002,0.0467674352,1365
196,2018-07-16,26.982647058333338,13.714081632714285,0.7906060606666667,33.369545455,124.02723569939738,8.757240533333334,-0.009921126000000002,1377
197,2018-07-17,25.379362744999998,15.185051020000001,0.7547474746666666,27.416666666666668,126.07498121053973,9.065949066666668,-0.129999995,1379
198,2018-07-18,26.218823529999998,14.429591837142857,0.7482828283333333,40.150656565,125.14069132940986,9.42276850909091,-0.008847445333333334,1392
199,2018-07-19,28.860392156666666,21.773316327142854,1.0691919193333332,37.862171716666666,125.22205984255817,8.138006133333333,0.08170280033333333,1393
200,2018-07-20,31.207352941666667,16.086122448571427,0.8962626263333333,44.01242424166667,125.01368692073002,10.87149927440166,0.06468941582618823,1403
201,2018-07-21,27.978137255000004,16.938163265714284,0.825959596,38.95217171666667,125.18809564190157,9.6532642,0.21847968899999998,1412
202,2018-07-22,21.035490196666668,15.780663265285714,0.803030303,25.885505049999995,124.43211947757484,7.495304320000001,0.079999998,1417
203,2018-07-23,23.0425,13.603316327142858,0.7987878786666666,67.38843434333334,123.2560458514447,8.7838723,-0.029814044666666668,1426
204,2018-07-24,26.880875000000003,13.885459184285713,0.8082828283333333,34.555454544999996,125.26924784290078,11.396887955555558,0.056649595500000004,1428
205,2018-07-25,23.868725490000003,14.358316326571428,1.1577777776666667,30.693737373333335,121.77976045473113,10.077035,-0.050000001,1440
206,2018-07-26,24.869019608333332,15.455816326571428,0.8045454546666667,28.230959596666665,121.59988431781198,3.3125976,0.06727255371397994,1447
207,2018-07-27,24.402696078333335,14.22418367342857,0.7721874999999999,41.906565656666665,122.22900959636493,5.54796272,0.05966814045274765,1449
208,2018-07-28,25.657474746666665,13.927908163285712,0.7845454546666666,40.38625,123.07690920791322,7.4868744000000005,0.061579889280400424,1461
209,2018-07-29,22.313838383333334,10.687089947142857,0.7718279570000001,45.149166666666666,123.39493633730046,11.881169950000002,0.19214758420000003,1463
210,2018-07-30,24.829215686666668,9.296836734714287,0.7822222223333334,32.90580808,122.98727214696115,11.38734565,0.018374461000000005,1475
211,2018-07-31,27.24921568666667,6.874540816285714,0.9236363636666667,40.98393939333334,121.73164337217212,14.664531100000001,0.03330114233333333,1477
212,2018-08-01,23.045539215,8.593015873,0.9128124999999999,45.538434343333336,120.41774941082751,10.336336685714286,0.0012570224285714268,1489
213,2018-08-02,26.017009803333334,8.257142857142856,0.8321875,58.22782828333334,121.74791585606675,12.734556000000001,0.09385832266666666,1491
214,2018-08-03,26.358676470000002,11.186772486714286,0.761919192,50.390656565,123.21249467824872,9.967662866666668,-0.035993801,1503
215,2018-08-04,28.046617646666665,11.298979591857144,0.8084848483333333,59.394747475,122.45560550076425,10.341515513505648,0.05253587411897474,1505
216,2018-08-05,25.800539215,8.565714285714284,0.7643434343333334,60.18373737333334,121.6472678283741,10.987476700000002,0.06248483300000001,1518
217,2018-08-06,25.486029411666664,9.880612244857144,0.9203030303333333,45.545101009999996,119.49370842351593,8.065945733333335,0.0582052386450385,1524
218,2018-08-07,26.547843136666668,11.212244898571429,0.8728431373333333,36.15121212166667,120.65522711870895,7.599348533333334,0.07,1526
219,2018-08-08,23.23469697,9.608042328,0.7967647059999999,31.940050505000002,120.52708141241426,7.662631422222224,0.116666667,1538
220,2018-08-09,25.39838383833333,9.462959183714286,0.8301010099999999,35.362070706666664,107.74238,8.64552996923077,-0.023323788499999998,1545
221,2018-08-10,33.67121212166666,10.40219387757143,0.9074509803333334,57.605637255,120.19161840653035,9.28135508,0.04333333366666667,1548
222,2018-08-11,28.603131313333336,9.567989418,0.656372549,47.07257575833333,121.29999384725986,7.1350512,0.05713767321111797,1559
223,2018-08-12,28.58421875,9.509615384571429,0.6516666666666667,39.57635416666667,122.03130999771457,8.059751760000001,0.06133836450270176,1561
224,2018-08-13,30.091761905,10.229310344857142,0.7929523810000001,36.940428571666665,122.22730591539026,10.04377778583904,0.06506321163539117,1573
225,2018-08-14,30.969571428333335,12.037192118285715,1.0917142856666666,41.98804761833333,119.70304358122469,9.202418266666667,0.04815525757142857,1576
226,2018-08-15,23.279509803333337,11.958979591857144,0.8883838383333332,32.835,121.52515085934476,8.24784952,0.0657638475,1588
227,2018-08-16,27.337047618333333,13.721674877142858,0.9825714286666667,33.81790476166667,121.23273540700265,7.9696150153846155,0.09344431988888889,1594
228,2018-08-17,25.272428571666666,11.538965517285714,1.0095238096666665,31.03852381,120.77969977257568,9.586293377777778,0.079999998,1596
229,2018-08-18,32.65266666666667,11.72906403942857,0.874,35.175245098333335,120.97675259592181,7.786761555555557,0.05271473383333334,1609
230,2018-08-19,32.39843434333333,11.569153438571428,0.9117142856666667,38.02883838333333,120.93110088419006,8.148022545454547,-0.026712999666666657,1615
231,2018-08-20,28.949952381666662,12.205123152857142,0.9416190476666667,39.332857143333335,121.53866652255934,9.910069066666667,0.1425247455,1617
232,2018-08-21,25.2,13.001989795714284,0.9926470586666666,27.801960785000002,122.37153433279339,10.289675875108466,0.06964945031216507,1629
233,2018-08-22,26.14612745166667,11.568253968571428,0.9329292929999999,34.30752525333333,120.40609905543224,7.5707506,0.039930798,1636
234,2018-08-23,27.560047618333332,10.907040815714286,0.800952381,41.099095238333334,122.93270501465543,10.702846266666668,0.06201164787213573,1638
235,2018-08-24,34.437999999999995,11.523775510142858,0.7855238096666667,45.20838095166667,122.97165863320004,10.0916896,0.013142085250000001,1650
236,2018-08-25,31.452529412,10.980059523333333,0.5663809523333333,28.062476189999998,126.14103652815658,11.148801850000002,-0.028814628999999998,1652
237,2018-08-26,25.016484847999997,10.741049382666667,0.4423529413333333,27.780931373333335,125.69418042317416,8.177201,-0.0358348945,1664
238,2018-08-27,28.1125,13.851587301428571,0.630980392,30.558872548333337,124.68435747894254,8.45423968,0.24578494333333334,1666
239,2018-08-28,25.955238095,10.754532019714286,0.6656190476666667,29.608714285,124.19051087672013,9.684268533333334,-0.013282476666666668,1676
240,2018-08-29,25.896095238333334,11.373103448285715,0.7235238096666666,32.786238094999995,122.98034082204173,9.113851466666668,0.152460977,1680
241,2018-08-30,30.338523809999998,11.752561576285714,0.9154285713333333,40.75209523833333,122.11151876583307,11.474923771428573,0.2222070955,1690
242,2018-08-31,30.434238095,11.31,0.858235294,39.033,120.79420354479211,8.490700400000001,0.18952305600000002,1699
243,2018-09-01,32.364950979999996,12.136256157142856,0.9634285713333334,38.940095238333335,121.68163433332765,10.497027000000001,0.10164307733333333,1704
244,2018-09-02,26.94666666666667,10.564234693857143,0.8684313726666667,34.607777778333336,115.483999,9.34988296,-0.036666669,1708
245,2018-09-03,31.23772727333333,10.804973545,0.9636274510000001,32.956616161666666,117.91494542453478,5.046400246,0.06764126265158556,1720
246,2018-09-04,32.005,10.555073891428572,0.934117647,40.73290476166667,120.84753674660804,8.779941085714286,-0.150000006,1725
247,2018-09-05,34.488285714999996,10.006206896571427,0.893627451,37.82401960833334,118.1385848182051,6.118257900000001,0.1908336325,1730
248,2018-09-06,29.984333333333336,11.241083743857144,0.792857143,39.724761905,122.84891558194886,9.082192836363637,-0.11944930849999999,1739
249,2018-09-07,31.255619048333333,11.171625615714285,0.842952381,32.082857143333335,121.88970412669805,9.320852000000002,0.0800000035,1748
250,2018-09-08,27.192205881666666,12.786403941428572,0.8066666666666666,33.79735294166667,122.47368390377864,7.901805440000001,0.07635756299999999,1755
251,2018-09-09,23.08362745166667,10.293163265714286,0.7866666666666666,35.68352941166666,122.42856405012296,8.930313960000001,-0.08668992200000002,1757
252,2018-09-10,24.48314285666667,10.571527094285715,0.7094285713333334,35.99219047666667,118.918251,9.337809600000002,-0.360000014,1769
253,2018-09-11,27.862666666666666,11.495862069,0.6891428569999999,34.17390476166667,109.081157,8.884827215384616,-0.006429783250000001,1776
254,2018-09-12,25.486714285,10.877487684285715,0.6915238096666667,31.012380951666668,123.93827499630369,10.0745158,0.06559216231226372,1778
255,2018-09-13,28.178137255,13.425812808571427,0.6820952379999999,32.571761904999995,125.01852267666683,8.778207233333335,-0.029508670666666667,1791
256,2018-09-14,29.53887254833333,9.872610837142858,0.7048571429999999,34.87157142833333,121.6807846923242,7.883652160000001,0.06472045427117348,1797
257,2018-09-15,30.392745098333336,10.660591132857144,0.8496190476666667,42.72095238166667,108.819222,9.37625993846154,0.17262605039999998,1799
258,2018-09-16,31.29593137333333,10.746502462857142,0.807047619,46.22970588166667,121.5558828834694,9.028635054545456,0.058298524799999994,1811
259,2018-09-17,31.34485294166667,12.046256157142858,0.8245714286666667,53.63319047666666,122.41625772920924,9.655926280000001,0.041906315,1818
260,2018-09-18,34.224545455,11.528078817142857,0.7557142856666667,52.641238095,122.89468601565076,10.160090266666668,0.08418698983333334,1820
261,2018-09-19,36.790656565,13.740591132857144,0.690857143,63.96304761833333,123.2027232800236,7.912616066666668,0.083343024,1832
262,2018-09-20,39.9061875,13.293163265714286,0.9079411763333334,68.92504902,140.629709,10.1231232,0.034391095363636374,1834
263,2018-09-21,24.811875,11.29744898,0.7901960783333334,36.89377451,121.24914819010247,6.774316800000001,0.022693986,1846
264,2018-09-22,35.955312500000005,12.534744898571429,0.5729411763333333,29.614588235999996,118.35072674999999,10.134458835073893,0.07573324281465427,1848
265,2018-09-23,47.561375,11.964591837142857,0.600392157,48.85717647,112.60272,6.802911600000001,0.07166562830654735,1861
266,2018-09-24,35.074666666,10.66182266,0.5936190476666666,38.819142858,114.7273,7.9940720800000005,0.0697169506591763,1867
267,2018-09-25,25.20439394,9.828128078571428,0.6885714286666667,35.95095238166667,104.657374,10.387594080000001,0.199688852,1869
268,2018-09-26,25.87838541666667,11.183990147142856,0.6852941176666666,45.51651960833333,126.310624,7.711056880000001,-0.0935140435,1881
269,2018-09-27,35.60119791666667,11.881477832857144,0.9271568626666666,63.515686275,124.127837,9.571539745454546,0.12064221071428571,1888
270,2018-09-28,41.43786458333333,14.071083744285714,1.0044117646666668,77.00245098,119.53813280901433,7.185713440000001,0.02797618479999999,1891
271,2018-09-29,35.41880208333333,17.19034482714286,0.7819607843333335,70.86230392166667,98.6037776,10.296849971428571,0.06257877415384615,1902
272,2018-09-30,27.21873737333333,18.860837438571426,0.7460784313333333,57.89980392166666,72.4103302,5.236815200000001,-0.194994792,1909
273,2018-10-01,30.63560606,16.762660098571427,0.7937254903333333,59.53227272666667,89.8144208,11.148184523076925,0.021753755833333343,1911
274,2018-10-02,33.522121211666665,18.102315271428573,0.7989215686666666,66.54625,86.001819,10.701645155555557,0.056879059999999995,1923
275,2018-10-03,34.91277777833333,20.584183672857144,0.9042857143333333,68.55161904833334,103.29919566666666,7.967519900000001,-0.024748149777777777,1925
276,2018-10-04,36.64740196,18.95275862,0.925904762,79.17409523833334,87.86446415,11.805465127272727,0.25762662774999995,1937
277,2018-10-05,37.79857843166667,16.96960591142857,1.0302857143333333,86.55774509999999,108.615495,8.579828066666668,0.2973358545,1939
278,2018-10-06,27.107999999999997,12.150172413333332,0.836764706,71.33754285799999,92.7539075,10.938189366666668,0.09514823375000002,1952
279,2018-10-07,27.758352942,11.918448276666666,0.808137255,78.692742858,90.803951,7.329377400000001,-0.110078029,1953
280,2018-10-08,39.87323232333333,15.211479591428573,1.029904762,89.94804761666667,93.04494614999999,11.310473353846154,0.049786678230769224,1963
281,2018-10-09,33.2409375,14.388010204285715,1.086764706,95.04936275,88.4756446,7.6782588700000005,0.041872822,1972
282,2018-10-10,32.76380208333333,13.325867347142857,1.3483333333333334,90.48539215666666,114.290742,10.728308872727274,0.1487196284,1974
283,2018-10-11,32.121616161666665,12.554846938571428,0.922745098,60.979362745,113.679562,14.093073244444447,0.07765917616666666,1982
284,2018-10-12,36.79043010833333,18.621483517142856,0.9188541666666666,56.63635416666667,123.15698764970428,7.5671692,0.270287246,1994
285,2018-10-13,39.956833333333336,19.27148351714286,0.9358333333333334,109.23046875,96.36278245,11.072948763636365,0.1139430123,2000
286,2018-10-14,43.132,18.222967032857145,0.9879166666666667,87.35432291666666,101.72758886666668,7.180240133333334,0.31633144933333335,2002
287,2018-10-15,41.95090909166667,17.42234693857143,1.0327619046666667,99.38499999999999,90.29948459999999,9.890856430769231,0.1727520099230769,2014
288,2018-10-16,43.35151515166666,16.645663265714287,1.3633333333333333,110.84495238333334,89.4651748,5.931700800000001,0.058103567,2016
289,2018-10-17,44.987171716666666,17.145867347142858,1.401904762,109.90880951666666,94.60685159999998,10.257394246153847,-0.027720257833333328,2028
290,2018-10-18,47.389166666666675,16.329489795714288,1.4474285713333332,117.58923809999999,88.50474845,14.802658355555558,-0.06065477939999999,2031
291,2018-10-19,44.76102941166666,15.68372449,1.0874285713333334,101.42590476666668,99.84554093333334,7.8700654000000005,-0.08042872611111111,2042
292,2018-10-20,39.366519608333334,16.40775510142857,1.0854285713333331,117.21004761666667,92.25914253333333,12.344727745454547,0.12481682783333332,2049
293,2018-10-21,40.02646464666667,17.61357142857143,0.954141414,116.15436275,84.5175236,7.515838933333334,-0.2005706766,2051
294,2018-10-22,41.75,17.601836734285715,1.0592156863333333,111.70421568333332,95.08221415,11.455038966666669,0.060496492833333325,2064
295,2018-10-23,42.55656565666667,17.428214285714287,1.3150000000000002,100.70828431666666,100.8156686,7.216732500000001,-0.11224244033333335,2070
296,2018-10-24,44.900049020000004,19.778928571428573,1.5065714286666667,122.54014285,89.82897270000001,10.756430622135209,0.050219579132331535,2072
297,2018-10-25,42.703186275,17.43724489857143,1.5410784313333334,129.60161765,103.02755965,10.394452320000001,-0.040071912,2084
298,2018-10-26,43.07348484833333,17.489132652857144,1.4170588236666666,142.89710785,92.5307783,9.830574311111112,0.19880597230000002,2091
299,2018-10-27,48.97313131333333,14.849897958571429,1.540882353,148.7400490166667,99.1567505,15.615252654545456,0.2958459807,2093
300,2018-10-28,39.68237373666667,12.538979591428571,1.3820588236666664,164.41274510000002,108.964741,9.81689,0.17557323,2105
301,2018-10-29,37.85373737333333,13.672704081428572,1.4951960783333333,161.83088235,102.4648856,15.357244872727273,0.22586907127272726,2107
302,2018-10-30,38.01857843166667,13.086020408571429,1.534509804,163.16014706666667,100.78656480000001,9.127425066666667,0.015410664000000004,2119
303,2018-10-31,37.300049019999996,12.729336734285713,1.491862745,132.91142156666666,97.90528549999999,12.10032353846154,0.07606393391666667,2121
304,2018-11-01,38.622205881666666,13.299336734285715,1.5310784313333334,144.0325,83.84813555,5.825474533333334,0.20722995325,2134
305,2018-11-02,37.50137254833333,13.140612244285714,1.0866666666666667,127.48490196666667,93.2952389,14.1739028,0.03112495128571429,2135
306,2018-11-03,31.072401959999997,13.64739795857143,1.0085294116666665,107.07058823333334,96.47919775,22.883798666666667,-0.08499999899999999,2145
307,2018-11-04,29.467121211666665,13.825969387142857,0.8559595959999999,109.94892156666667,108.95018925,9.237462250000002,0.262038563,2154
308,2018-11-05,46.90225490166667,14.031071428571428,1.139904762,201.26709523333332,104.44394633333333,13.4158398,0.039481628500000004,2159
309,2018-11-06,46.585952381666665,16.281071428333334,0.9547619046666668,140.79271428333334,124.447979,8.1159929,-1.38999999,2168
310,2018-11-07,43.457285715000005,22.693724489999997,0.9254285713333332,184.47385715,106.01555293333332,14.052658466666669,-0.03602755133333334,2170
311,2018-11-08,43.149809523333325,25.660459184285717,1.179047619,328.48585714999996,99.3604772,6.945133600000001,0.07137526450000001,2182
312,2018-11-09,39.98719047666667,17.51612244857143,1.0572380953333333,180.78357143333332,102.57645055,13.076270584615385,0.2616550214166667,2189
313,2018-11-10,43.96852381,15.817755101428572,1.1598095236666668,181.83571428333335,101.33953745,12.453052320000001,0.015765428333333335,2191
314,2018-11-11,41.73847222166666,13.465221674285715,1.0725925926666668,187.68546296666668,96.56650946666667,14.280525955555557,0.06358602014285715,2203
315,2018-11-12,42.56933333333333,15.877980295714284,1.1085185186666668,193.04453703333334,107.7714845,17.148369866666666,0.11947459244444444,2205
316,2018-11-13,43.694571428333326,19.335034482,0.9993518519999999,182.82282406666664,87.4279067,6.725844133333335,0.14324777349999998,2217
317,2018-11-14,35.75421296333333,18.663428572,0.6719444443333332,135.50087963333334,108.731910325,15.518911200000002,0.04995145175000001,2219
318,2018-11-15,33.921851851666666,18.048735631666666,0.5830555556666667,107.10342593333333,101.22312233333332,7.1180334400000005,-0.20716867466666666,2232
319,2018-11-16,36.857962963333335,18.16875862,0.6282407406666667,111.17574073333333,109.503162,14.7929492,0.02601159684615384,2233
320,2018-11-17,39.452777778333335,18.082689656000003,0.785925926,113.12736111666668,88.99951354999999,6.419805200000001,-0.670790851,2245
321,2018-11-18,41.75921296333333,18.884896551999997,0.8548148146666666,141.45430555,100.96700852000001,14.24681353846154,0.009537446000000012,2247
322,2018-11-19,34.74412037,17.885402298333332,1.105,164.59078703333333,102.823833,14.87810145,0.165734919,2257
323,2018-11-20,41.35657657666667,17.878888888333332,1.3656944445,180.27376189999998,105.21034725000001,8.3948815,-0.1040585805,2266
324,2018-11-21,39.530270269999995,16.56690476142857,1.27375,177.11185715,117.831708,15.015160072727275,0.1263523509230769,2268
325,2018-11-22,44.910135135,18.921777778333333,1.5480555555,142.36233333333334,123.83679849999999,7.699195333333335,-0.066214139,2278
326,2018-11-23,39.79815315333333,24.621,0.8490740739999999,147.67985715,109.45950607500001,11.857839933333333,0.001061766749999989,2283
327,2018-11-24,34.755630630000006,20.670133334000003,1.033611111,112.43583333333333,111.6422935,6.765062500000001,0.12289313775,2292
328,2018-11-25,40.78554054,22.255733334000002,0.8312037036666666,141.91597221666666,105.31221045,11.690646912927042,0.03130146854861014,2301
329,2018-11-26,41.774234235,20.259388888333334,1.071388889,170.20685185,117.08471,10.071727760000002,0.047804192,2308
330,2018-11-27,42.88328828833334,20.706533334,1.948888889,161.65925926666668,104.44394636666668,15.493928350000001,0.3519964395,2310
331,2018-11-28,43.21801801833334,23.231066666,1.208148148,156.29087963333333,128.94937166666668,18.8135736,-0.14082882581818182,2322
332,2018-11-29,40.76027777833333,18.099857142857143,1.5904285715,160.81566666666666,98.0799086,7.596960933333334,0.12253706166666667,2327
333,2018-11-30,37.97013888833333,19.381888888333332,1.3331428570000001,163.90847618333333,104.68065738,16.310755236363637,0.077726405,2331
334,2018-12-01,37.14342592666667,15.778285714285715,0.926952381,141.75780951666667,113.11688766666667,11.056704880000002,-0.4288662215,2341
335,2018-12-02,39.65585714333333,18.622482758,1.792857143,164.15285715000002,112.8937583,16.485737353846154,0.034833801461538465,2351
336,2018-12-03,38.13333333333333,16.900738915714285,1.7068055555,165.20074073333333,105.6469045,5.589496933333334,-0.4767287866666667,2357
337,2018-12-04,54.23114285666666,15.851091953333333,1.935,185.13638888333332,109.39547796,21.26922646666667,-0.1052055256,2359
338,2018-12-05,57.44385714333333,16.767931035,1.6856944445,182.68351851666662,129.250111,22.969667040000004,0.530098788,2372
339,2018-12-06,52.48592592666666,16.706321838333334,1.8615277780000001,179.29064815,123.3420335,11.61693125,0.194364805,2374
340,2018-12-07,41.671944445,20.366551723999997,1.424722222,182.73416666666665,108.46027483333334,17.84270570909091,-0.007030875846153848,2383
341,2018-12-08,48.49347222166667,19.250977011666667,1.5212500000000002,169.37111111666667,97.99259735000001,9.103075933333335,0.29676371825000003,2392
342,2018-12-09,45.869675926666666,25.910965518,1.804861111,180.74712963333334,100.0735209,19.225133800000002,0.11429211008333334,2399
343,2018-12-10,45.07193693666667,21.01261111166667,1.141851852,202.8680092666667,109.13936405,7.115607300000001,0.24284519075,2401
344,2018-12-11,51.95680180166667,20.728611111666666,1.732361111,184.2357870333333,123.93866225,12.618701000000001,0.3548357583333333,2413
345,2018-12-12,39.580225225,19.141166666666667,1.2206944445,156.97606481666665,128.347892,9.74377304,-0.124969937,2418
346,2018-12-13,36.00905405333333,24.870600000000003,0.916388889,122.33222222166667,111.64229366666666,18.755876400000002,0.060215138500000015,2422
347,2018-12-14,35.963783783333334,19.694142857142854,0.9466666665000001,120.21712963333334,119.58181859999999,16.2933725,0.003221339499999987,2432
348,2018-12-15,36.633513513333334,25.5548,0.9280555555000001,107.8987963,109.2557796,8.0854335,0.24362096700000002,2441
349,2018-12-16,39.374504505,22.227793104,1.088,123.98027778333334,111.24211595,14.966515927272729,0.18433774372727274,2446
350,2018-12-17,40.98297297333334,25.600111111666667,0.936574074,168.18212963333335,128.59157663338428,13.062407278872664,0.007199125767809525,2450
351,2018-12-18,42.04405405333333,19.441761904285716,0.8471296296666666,145.68453703333333,130.42396566666665,12.679810400000001,0.23330690381818184,2462
352,2018-12-19,49.65391891833334,17.430147782857144,0.7975925926666667,140.89287036666667,110.012479,8.5650732,-0.025150885999999997,2467
353,2018-12-20,45.74085585666666,19.636666666666667,0.998888889,208.76694444999998,118.77273225,13.52741996923077,0.13297533257142857,2472
354,2018-12-21,45.348243243333336,21.767733334,0.904074074,203.15444445,118.21975950000001,22.4661128,0.1459708012,2481
355,2018-12-22,47.51774774833333,19.346500000000002,1.0105555556666668,260.05953703333336,116.16308866666667,8.1901025,0.05554849316666666,2490
356,2018-12-23,42.78310810833333,19.979533334000003,1.2024074073333333,274.0753240666666,109.62442833333334,14.538889418181821,0.08169775853846153,2497
357,2018-12-24,41.14445946,20.058444445,1.1918518519999999,210.80680555,96.4500941,7.3571669333333345,0.2288515962,2499
358,2018-12-25,37.03927928,21.213666666,0.7596296296666667,179.39027778333335,109.8233042,13.880804533333334,0.051190514333333346,2511
359,2018-12-26,38.908918918333335,18.796111111666665,0.8860185186666666,191.00898148333332,107.043888,5.9684689,-0.051934987666666654,2518
360,2018-12-27,40.320315315,19.4885,0.9733333333333333,193.36199073333333,116.00786825,12.12524024808938,-0.004714413769687592,2520
361,2018-12-28,37.44725225166666,17.595388888333332,0.6851851853333333,166.87287036666666,112.777343,13.940643679999999,-0.048574803,2533
362,2018-12-29,58.25391891833333,22.860133334,0.8382407406666667,193.5249074,117.28843666666667,12.241575563636365,-0.163852554625,2539
363,2018-12-30,70.51527026999999,17.5322,1.0960185186666667,254.35148148333334,119.98054125,19.714312933333336,-0.027907022272727275,2541
364,2018-12-31,58.42090090166667,18.041388888333334,1.021851852,231.11564814999997,102.445483,7.113794666666667,0.09618973,2553
365,2019-01-01,42.22027027000001,17.274238095714285,0.9913333333333333,260.9100926,111.52587825,19.58188662857143,0.123651994,2560
366,2019-01-02,44.72108108166666,18.138888888333334,1.0158095236666667,274.67532406666663,101.51416047500001,7.260458480000001,0.06136797125,2562
367,2019-01-03,49.13954955,15.670833333333334,0.89,257.8314351833333,109.37219478,13.075929292307695,-0.16661774016666667,2574
368,2019-01-04,42.83234234166667,16.764666666666667,0.7910476190000001,192.8399537,107.1312,5.4837657333333345,0.37381317233333333,2576
369,2019-01-05,38.86962963,19.319277778333333,0.7715686273333334,205.36228571666666,113.7261278,10.5409485,-0.31711248475,2588
370,2019-01-06,37.09342592666667,16.420666666666666,0.5752083333333333,131.244,117.433956,12.169375777777779,-0.16927102650000003,2590
371,2019-01-07,36.86347222166666,19.591833333333334,0.6126262626666666,128.63185715,114.829162975,8.757906366666669,0.3528578392857143,2602
372,2019-01-08,34.94626126166666,15.156944445,1.1199999999999999,118.13606481666666,126.11659866666666,17.990865090909093,0.31140954099999996,2609
373,2019-01-09,34.50707207166666,17.712222221666664,1.0806060606666665,121.09925926666666,125.2046785,8.3929122,0.258083254,2611
374,2019-01-10,37.84162162166667,18.89316666666667,1.073131313,156.24425926666666,116.386218,18.8226681,-0.00929110681818183,2624
375,2019-01-11,41.600135135,20.967931035000003,1.3508080806666667,210.06518518333334,107.800588,6.905973200000001,-0.3784910365,2630
376,2019-01-12,45.111805555,17.391130951666668,1.3645454546666667,219.71601851666665,109.22667575,13.8616442,-0.8337876048,2632
377,2019-01-13,39.916809523333335,19.115061728333334,1.0177083333333334,185.5522549,135.15818833333333,6.691551680000001,0.13584974166666666,2644
378,2019-01-14,30.849027778333333,21.5805,0.5998958333333334,104.05638095166667,119.05406933333332,12.711582400000003,0.10926792383333334,2651
379,2019-01-15,38.28217592666667,19.507857142,0.7871874999999999,95.75047618333333,129.3956305,15.191632966666669,0.05623215142857144,2653
380,2019-01-16,43.530405405,22.362965518,1.1853535353333333,178.33097221666665,107.50954949999999,8.997498266666668,0.005053675199999996,2665
381,2019-01-17,44.471435185,22.941310343999998,1.3188541666666667,233.86533333333333,105.0997527,18.57592450909091,-0.03357600763636365,2667
382,2019-01-18,40.765,20.340482758,1.0275,181.6675463,108.18863900000001,8.553135200000002,-0.041353564799999985,2679
383,2019-01-19,48.890675675000004,20.852965518,1.171919192,179.79231481666667,112.32623375,20.441949272727275,0.01775994988888889,2681
384,2019-01-20,52.468558566666665,21.949448276,1.5287878786666667,227.82837963333336,111.90422799999999,5.7942352,0.41747004175,2694
385,2019-01-21,40.15279279333333,17.633172414,0.8813131313333334,166.65898148333335,116.8344172,10.934405866666667,0.25275130566666665,2700
386,2019-01-22,63.78139639666667,18.160482758,0.782121212,103.31435185166667,142.666977,5.940962933333334,-0.129999995,2702
387,2019-01-23,57.31400900833333,22.449172414,1.071935484,109.06138888333334,130.9866396,5.5473348,0.572730261,2715
388,2019-01-24,54.22680180166666,25.213655172,0.9442424243333333,95.86759260000001,142.27407525,15.165136218181818,0.19488789091666667,2721
389,2019-01-25,47.65806306333334,27.009793104,0.8570707070000001,96.40509523833333,121.654011,5.227991733333334,-0.08321612233333332,2723
390,2019-01-26,38.52063063,32.115724138000004,0.8495959596666666,92.1552381,129.11429316666667,15.02477370909091,0.03300450644444444,2735
391,2019-01-27,38.82743243166667,24.942827586,0.864949495,90.54078703333334,129.5469702,6.843153000000001,0.2377412813333333,2742
392,2019-01-28,40.173963963333335,24.716333334,0.916969697,92.0313426,114.7564035,11.911107645015448,0.0549439817674314,2744
393,2019-01-29,40.93117117166667,21.109444444999998,1.0147474746666667,99.57435185000001,123.12860533333333,17.164804200000003,0.40039131,2756
394,2019-01-30,45.48819819833333,23.59143678166667,1.184537037,137.55875,129.95830433333333,24.77953068571429,0.25722969933333334,2758
395,2019-01-31,54.05171171166666,21.69011494333333,1.07,159.37675926666665,126.0777935,12.790429600000001,0.15927559125,2770
396,2019-02-01,51.24481982,22.632471265000003,0.9551851853333334,158.79421296666666,110.9438015,10.59101446666667,0.021084725999999988,2772
397,2019-02-02,40.84175675666667,22.479712643333333,0.8296296296666666,151.79046296666667,124.21514866666666,14.85967381818182,-0.10107239639999999,2784
398,2019-02-03,41.55199074,17.68047619,0.7877777776666667,132.59509523333335,121.028279,7.388482720000001,0.21016150716666668,2791
399,2019-02-04,53.63509259333333,21.282202381666668,1.0217592593333333,137.48780951666666,123.91246859999998,14.241743323076925,-0.1271968145,2793
400,2019-02-05,63.824999999999996,22.67089285666667,1.288148148,176.96290476666664,134.77013766666667,6.751161466666669,-0.2475643803333333,2806
401,2019-02-06,52.29060185166667,22.226488094999997,0.7841666666666667,144.91057143333333,127.96372177999999,12.671190600000001,0.041803677,2812
402,2019-02-07,42.85833333333333,18.640114943333334,0.4998148146666666,93.17037037,153.90105549999998,5.855416666666668,0.219999999,2814
403,2019-02-08,29.738963963333333,21.455,0.5382407406666667,77.00972222166666,144.23858366666667,14.443551200000002,0.32355975733333336,2826
404,2019-02-09,38.18234234166667,20.19344827666667,0.5925925926666666,73.53462963,139.46555566666666,12.003388109090912,-0.13827907308333334,2833
405,2019-02-10,51.52135135166666,20.678045976666667,0.7235238096666666,95.02435185,120.95551950000001,8.157918466666667,-0.0339713926,2835
406,2019-02-11,54.864324325000005,21.201921182857145,0.9175925926666667,119.89731481666666,121.22715516666666,19.41783066666667,-0.10845111636363636,2847
407,2019-02-12,60.52135135166666,20.58596059142857,1.008148148,142.77787036666666,123.14800766666667,7.754906000000001,0.24005120975,2849
408,2019-02-13,54.52743243166666,22.328103448333334,0.9765740739999998,144.11398148333333,113.62135407999999,14.134589314285716,-0.22501619775,2861
409,2019-02-14,33.572927928333336,17.148423645714285,0.7387037036666667,130.30499999999998,153.78464,6.902457600000001,-0.03877109299999998,2863
410,2019-02-15,29.006846846666665,20.959137931666667,0.6935185186666666,99.54398148333333,135.89548566666667,12.215357384590234,0.031286216830121505,2876
411,2019-02-16,25.081898148333334,18.778965516666666,0.6566666666666666,84.77023810000001,120.926416,9.605049511111112,0.050279145,2877
412,2019-02-17,26.64958333333333,17.93091954,0.672857143,85.985,124.98288623118117,5.8292925,-0.073227535,2887
413,2019-02-18,38.804139785,18.206256157142857,0.652,91.75344445,115.93510865,11.225701840000001,0.072982128,2896
414,2019-02-19,44.21346846833333,20.995229885,0.933425926,101.47796296666667,121.09133733333333,8.682840160000001,0.10461315500000001,2901
415,2019-02-20,36.27918919,20.348793103333332,0.769074074,96.43777777833334,121.21745375,7.3252508,-0.039892228249999995,2910
416,2019-02-21,31.807972973333335,20.62216666666667,0.8055555556666666,87.196944445,124.56439449999999,6.396117200000001,0.1390551365,2912
417,2019-02-22,27.44563063,18.623388888333334,0.605462963,83.071805555,127.69305624999998,9.81931953846154,-0.1670834690833333,2924
418,2019-02-23,30.750675674999997,20.661222221666666,0.6105555556666666,59.42976851833333,102.24175645,9.881904160000001,0.06816180425000001,2931
419,2019-02-24,35.07387387333333,19.024888888333333,0.6798148146666666,68.79259259333334,117.608579,10.56333648,-0.5101136831428571,2933
420,2019-02-25,35.691801801666664,18.628277778333334,0.732962963,94.65546296333333,126.60166233333335,18.420561480000003,0.03528204233333333,2945
421,2019-02-26,28.040405404999998,18.390888888333333,0.6211111109999999,89.39333333333333,134.343281,7.9188232,0.10457784700000002,2947
422,2019-02-27,33.185390391666665,16.826857142857143,0.636388889,57.47138888833334,144.66544,8.1259569,0.18369722633333332,2959
423,2019-02-28,39.24602102166667,18.039666666666665,0.7437962963333332,69.33745370999999,111.351255,11.250615600000001,-0.044058271,2961
424,2019-03-01,45.175870870000004,20.811388888333333,0.6289814813333333,79.11259259333333,110.099790625,11.213264255871419,0.06396727745373487,2973
425,2019-03-02,50.085030030000006,20.015111111666666,0.598888889,95.76490740000001,126.33972800000001,5.7493408000000015,0.146992281,2975
426,2019-03-03,34.002731481666665,16.63249042116667,0.5614705883333333,74.11061904833333,128.27028199999998,8.912673450000002,0.19376170399999998,2987
427,2019-03-04,30.039354355,18.40088888833333,0.645,98.06893518333334,121.304765,9.836335466666668,0.055783486285714286,2989
428,2019-03-05,24.710648148333334,18.746944445,0.4904761903333333,75.845031745,159.25616,9.713452400000001,0.190605819,3002
429,2019-03-06,27.079189189999997,21.963611111666665,0.636388889,73.09814814833334,119.325705,10.058423854545454,0.0819357709,3008
430,2019-03-07,29.457447446666666,22.079666666666668,0.7113888890000001,83.94324073333333,95.1113179,8.516655680000001,0.19329388,3010
431,2019-03-08,28.451501501666666,23.570888890000003,0.6178703703333333,82.87398147666667,109.59047375,10.138849400000002,0.1223137425,3022
432,2019-03-09,26.258408408333334,20.543499999999998,0.496851852,66.973935185,110.5945555,9.3830612,0.126638983,3029
433,2019-03-10,24.998213213333333,19.334833333333332,0.5427777776666667,84.21009259333333,128.87176140000003,9.455295138461539,0.07473861509090908,3032
434,2019-03-11,31.869594595,17.66895238,0.5333333333333333,83.71162037,112.80644699999999,10.902529422222223,0.1026274615,3043
435,2019-03-12,23.766741741666667,21.333,0.45824074066666665,74.25259259333333,102.7947295,8.7067171,0.15308248400000002,3045
436,2019-03-13,31.072102103333332,23.767222221666668,0.615925926,84.20185184666667,116.12428343333333,10.31993288,0.07000390433333332,3057
437,2019-03-14,25.493648648333334,22.752,0.618888889,84.93023148333333,122.4689185,13.0776936,-0.22857325925,3060
438,2019-03-15,32.86043543666667,21.062055556666667,0.47129629633333336,73.82050925833333,142.4050425,9.989192000000001,0.020803766454545455,3072
439,2019-03-16,41.631036036666664,18.86238888833333,0.48277777766666663,71.824074075,93.3068804,20.3253098,0.04099000466666667,3078
440,2019-03-17,43.38938438333333,20.008,0.594,80.00657407333334,138.107377,10.632766133333334,0.16502465727272728,3080
441,2019-03-18,47.35265765833333,20.9055,0.783425926,79.10074075,112.951966,9.524785000000001,0.06251756693411303,3093
442,2019-03-19,51.74294294166666,22.65494444333333,0.8064814813333333,85.95712963333334,125.59272983333334,11.50390970909091,-0.12754882716666668,3099
443,2019-03-20,48.32717592666666,21.685944445,0.749074074,84.36578703666667,114.58178050000001,11.471418466666668,0.03597053855555557,3101
444,2019-03-21,37.344673201666666,19.968007663333335,0.7091428569999999,118.99725396166666,112.922862,14.321103666666668,-0.2093854658,3113
445,2019-03-22,28.75292792833333,19.05888889,0.5899074073333334,51.742037038333336,124.56439449999999,9.107155085714286,0.37336129170000004,3120
446,2019-03-23,28.26966967,18.171666666666667,0.6875,50.90814814833334,110.50724439999999,10.272316866666667,0.006683101750000003,3122
447,2019-03-24,29.911456456666667,20.695888890000003,0.6388888890000001,60.628379630000005,107.70357526666668,7.7885909,0.0011111466999999876,3134
448,2019-03-25,31.757012013333334,20.913555555,0.6537037036666666,67.63037037,113.2139005,12.819773266666667,0.20076504825000002,3136
449,2019-03-26,29.180645645,20.056555556666666,0.7601851853333333,67.89874999999999,131.43289825,11.13772593846154,0.10623358840000001,3148
450,2019-03-27,30.361203703333334,22.85527777833333,0.8714285713333334,72.22634920666667,123.6330715,12.201989600000001,0.017328600333333333,3150
451,2019-03-28,35.86314814833333,27.569444445000002,0.9407619046666666,93.48777778333333,133.217933,13.136660654545455,-0.059992886444444435,3162
452,2019-03-29,37.92719219333333,28.65277777833333,0.9092592593333334,100.93481481666667,134.1686585,13.929410246153848,0.07037846527272727,3164
453,2019-03-30,34.056486486666664,31.877,0.7440740739999999,92.20625,172.876753,16.32293456,0.0748097866,3176
454,2019-03-31,22.735925925,29.542816091666666,0.5357142856666667,66.190444445,147.7310435,8.747209046153847,0.0855080795,3183
455,2019-04-01,45.539504505000004,29.768388888333334,0.590095238,52.48300925833333,135.8735949779961,10.48323182857143,-0.031140551,3190
456,2019-04-02,55.93875,30.641896551666665,0.6633333333333333,83.18680952333334,137.4282875,13.325112958254506,0.0598322645058772,3193
457,2019-04-03,65.39827327333334,28.289944445,0.768425926,78.35666666666667,123.050995,11.331748342857143,0.03595170749999999,3204
458,2019-04-04,51.225660661666666,32.951,0.8202777776666667,89.12953703333334,148.27431466666667,14.154308861538464,-0.07034934641666667,3212
459,2019-04-05,47.69408408500001,34.61161111,0.966851852,94.61712963333333,143.423676,14.374639800000002,0.06657896081818182,3213
460,2019-04-06,36.01055555666667,27.588218389999998,0.7643809523333333,77.94162037,152.7951095,13.4604052,-0.19177983566666668,3225
461,2019-04-07,34.26337963,24.646494253333334,0.6745714286666668,73.78166666666667,135.62385,12.763740830769231,0.0007335162857142871,3233
462,2019-04-08,32.83039039166667,22.547888888333333,0.5917592593333333,64.83976851833334,132.86584813746595,13.292118342857146,0.07478720324999999,3238
463,2019-04-09,30.42177177166667,26.399666666666665,0.7685185186666667,73.88537037,132.480636,12.320156276923077,0.04178350561538462,3241
464,2019-04-10,40.03884384333333,26.803111111666666,0.7796296296666666,70.103564815,111.99154,9.387667200000001,0.00869169699999999,3253
465,2019-04-11,33.84695195166667,26.937166666666666,0.6514814813333333,64.02689814833333,130.79261400000001,12.641908153846154,0.01986559290909092,3260
466,2019-04-12,26.388648648333334,27.045833333333334,0.6221296296666666,65.89245370333333,138.534233,10.94891490909091,-0.07099671657142857,3262
467,2019-04-13,22.790555556666664,30.715333333333334,0.610648148,69.37347222166666,128.638931,12.860236892307693,-0.05616365144444445,3275
468,2019-04-14,23.48186186166667,30.297888888333333,0.5871296296666667,62.95583333333334,125.350198,10.624783966666667,-0.06701264536363637,3281
469,2019-04-15,26.005,26.55933333333333,0.7083333333333334,63.463287036666664,139.11631,11.395712746666668,0.06417969890909092,3283
470,2019-04-16,23.621351351666664,20.117666666666665,0.5310185186666666,54.56162037000001,140.8625395,9.93871776,0.12292559933333334,3295
471,2019-04-17,21.142267266666668,18.30761111166667,0.4925925926666667,38.10199074,128.70930117915142,7.1557829,0.049999996,3302
472,2019-04-18,24.752732733333332,24.092888888333334,0.5851851853333333,43.509166666666665,120.1406125,11.732218092307694,0.14574071236363634,3304
473,2019-04-19,28.552822823333333,25.38972222166667,0.6508333333333334,56.163333333333334,113.330316,8.93454255,0.020035558714285712,3316
474,2019-04-20,47.34851351333333,25.87183333333333,0.7495238096666667,67.923611105,128.05685400000002,15.484116738461541,0.07225729191666667,3318
475,2019-04-21,54.222327328333336,28.203777778333333,0.8055238096666667,79.769861105,131.83976740920963,11.401342430769231,0.12469485163636364,3330
476,2019-04-22,45.26061904833333,27.935670498333334,0.8502941176666666,81.46689543333333,128.871761,13.961383571428572,0.2722547170833333,3332
477,2019-04-23,42.64149206333334,24.141590038333334,0.9224509803333333,75.36581699999999,137.8939485,13.027068960000001,0.09822261153846153,3345
478,2019-04-24,35.82199074166667,25.058697318333333,0.6714285713333333,68.40630158833333,153.551809,11.35125012,-0.01406604628571428,3351
479,2019-04-25,29.174120369999997,23.655689655,0.7923809523333333,67.90884127,152.853318,12.31256045714286,0.0532616,3353
480,2019-04-26,33.128194443333335,26.801283525000002,0.7055238096666666,73.26512697833333,133.06747714461915,11.65389064,0.08225483125,3365
481,2019-04-27,30.601064815,25.03988889,0.667904762,71.07100000000001,162.399374,13.2477208,0.12750592716666667,3367
482,2019-04-28,29.941029411666666,28.847222221666666,0.6421874999999999,71.47972222166668,134.8175805291083,11.036331490909092,0.05197993712500001,3379
483,2019-04-29,45.773784314,32.003984675,0.8029411763333334,75.80220588166667,128.755346,12.781436933333335,0.04030428807692309,3381
484,2019-04-30,42.376038094,28.909597701666666,0.8082857143333334,80.450718955,134.11664193747393,13.529813233333334,0.044035887166666676,3391
485,2019-05-01,42.136514286,33.097203065,0.8844761903333334,79.54647058333333,136.38611247074275,14.226262142857143,0.02531601554545454,3396
486,2019-05-02,30.942761905999998,28.709589490000003,0.6589523810000001,58.96401587333333,134.79875960664825,11.33577584,0.11399654385714286,3405
487,2019-05-03,31.246203705000003,26.712134647142857,0.6409523810000001,46.81063492166667,134.7197091478643,12.1603946,0.06586882660557658,3414
488,2019-05-04,36.416666666666664,29.98587849,0.7576190476666668,55.96611111166666,135.61002719351865,12.933453892998159,0.06557215820787612,3416
489,2019-05-05,40.385620915,27.544081632857143,0.9542156863333333,72.06630158833333,130.9147486198118,11.358428228571428,0.004247241333333332,3426
490,2019-05-06,47.699444445000005,28.149605911428573,0.8473333333333333,81.36649206666667,128.4061,14.642176092307693,-0.08444797933333333,3436
491,2019-05-07,48.211527778333334,32.74242857142857,0.8912962963333332,86.70523148333332,134.71676763108667,12.732415692307693,0.06703935875,3437
492,2019-05-08,47.675972228333336,31.847553367142858,0.9447222223333333,92.12708333333335,131.083652,13.850906266666668,-0.044234918153846156,3447
493,2019-05-09,43.32343843333334,25.96304761857143,0.8899074073333333,101.74032406666667,130.96371869560835,13.173416933333334,-0.015296835142857146,3457
494,2019-05-10,31.341816816666665,21.874285714285715,0.5022222223333334,84.03328703666666,132.21946645486693,11.83767004,0.0341874585,3458
495,2019-05-11,30.86638889,27.984761904285715,0.638095238,79.80920635,134.343281,14.343013813333334,0.05321567000000001,3465
496,2019-05-12,33.5025,26.11614121428571,0.7465714286666666,103.81680951666668,132.16161255022092,12.312463771428572,0.0030408053999999964,3478
497,2019-05-13,32.712037036666665,31.468341544285714,0.7224761903333334,111.76342856666668,146.799721,16.964022369230772,-0.023308204874999995,3484
498,2019-05-14,26.176111111666668,20.532714285714285,0.5617142856666666,63.60582539666667,132.75289299658743,14.746952436363637,0.1572006365,3486
499,2019-05-15,32.23666666666667,26.436952381428572,0.7461904763333332,70.75592857166667,157.160684,16.000874714285718,0.04356805449999999,3498
500,2019-05-16,36.64925926,21.929285714285715,0.6438095236666667,67.28764285666666,128.522515,13.016147527272729,0.019025944222222226,3505
501,2019-05-17,27.258333333333336,22.349333334285713,0.596,69.31706349333334,128.289685,13.428402900000002,0.09536522877777778,3508
502,2019-05-18,22.765185184999996,19.399,0.57,45.785095238333334,127.940439,11.60964672,0.044385119214285715,3518
503,2019-05-19,27.077037036666667,25.214428571428574,0.6585294116666667,59.95346031666667,132.7080373506448,10.6103816,0.010393900499999997,3527
504,2019-05-20,33.252546296666665,28.826619047142856,0.6858095236666667,81.77095238166667,127.940439,15.291638000000003,0.020046705636363633,3533
505,2019-05-21,37.48972222166667,27.300142857142855,0.6666666666666666,72.13073016,135.84314975791952,14.378812057142857,-0.07461681099999999,3535
506,2019-05-22,44.86986111666666,30.12485714285714,0.761764706,84.94196825499999,144.354999,16.26702116666667,0.09784577222222222,3548
507,2019-05-23,39.247685185,26.34609523857143,0.6904761903333333,75.619317455,134.60365276630174,14.5502976,0.03636443855555555,3554
508,2019-05-24,23.919074073333334,24.016238094285715,0.5765714286666667,51.07369841166667,141.793862,13.327133566666667,-0.058786166272727265,3556
509,2019-05-25,22.19398148166667,21.726,0.5006666666666667,48.16349206333333,134.3354972226313,12.985838366666668,-0.07309806272727272,3568
510,2019-05-26,25.22222222166667,25.74390476285714,0.5702857143333334,56.705444445000005,135.27630433500354,11.8417346,-0.128395152625,3575
511,2019-05-27,33.729675925,26.334523808571426,0.6513333333333334,67.703968255,134.48768101419742,13.090342240000002,0.03142605561538462,3577
512,2019-05-28,36.90532407333333,25.140238094285714,0.7274285713333333,61.89336507833334,132.90109214860664,12.2447032,-0.0718216428,3589
513,2019-05-29,36.81919047666667,30.47857142857143,0.808137255,68.86630719,138.10655467332424,16.97292633846154,-0.11109886916666667,3591
514,2019-05-30,40.20953703166667,29.017714285714284,0.890952381,72.52300000000001,133.88507717838093,14.421107133333335,0.11389097749999999,3603
515,2019-05-31,36.43411111166667,24.245571428571427,0.7629411763333334,63.489232025,134.39676380708755,17.091421085714288,0.06326947627272728,3605
516,2019-06-01,30.641619048333336,26.590809522857143,0.700882353,79.232483665,135.0802367978342,14.865081666666669,0.011832765800000002,3617
517,2019-06-02,20.985050505,21.356333332857144,0.5828282826666666,62.109960783999995,133.8959201337433,15.16539062857143,0.036372146,3624
518,2019-06-03,18.766031745,18.678333332857143,0.558627451,49.051339868333336,130.892590423382,12.159979657142857,0.09710884883333333,3626
519,2019-06-04,20.64026984,20.10152381,0.5250980393333333,50.64970588166667,132.18913368571756,10.8946188,-0.17211438066666665,3638
520,2019-06-05,25.774492063333337,23.983285714285717,0.6398039216666666,57.672516339999994,133.994035,12.17164719971036,0.05578099500373111,3640
521,2019-06-06,24.313047618333332,22.10914285714286,0.5088235293333333,54.64877451,133.25107060060859,11.535929771428572,-0.030352823499999997,3652
522,2019-06-07,19.536444445,23.112238095714286,0.5477450979999999,46.00593137333333,135.6688316616722,15.432847692307693,0.10287056636363635,3654
523,2019-06-08,27.83174603166667,21.96647619,0.7149019606666666,215.196830065,129.09968203820014,15.79364688,0.12604258645454547,3666
524,2019-06-09,34.401555550000005,24.294523809999998,0.788627451,75.133882352,132.24203090684918,14.223014666666668,0.059906337999999996,3673
525,2019-06-10,34.25923809499999,24.628809524285714,0.8029411763333334,62.790408496666664,132.70845009830765,14.300869323076926,0.04247087,3675
526,2019-06-11,31.388666666666666,22.74347619,0.9982352939999999,69.51253268333333,128.81426736260417,12.400679750000002,-0.082490792,3687
527,2019-06-12,17.040412698333334,18.04933333285714,0.6319117645,49.51383986833333,130.68871182712792,12.983654657142859,-0.013523443692307692,3689
528,2019-06-13,37.572147148333336,18.346238095714284,0.763888889,51.22361111,128.91477542687122,12.604272,-0.08218669133333333,3701
529,2019-06-14,45.09304804833334,21.19204761857143,0.8333333334999999,51.426574073333335,130.4195793836192,15.363354215384618,0.1853470806666667,3704
530,2019-06-15,32.421576576666666,25.059571428571427,0.830138889,65.73449074,134.4248951704873,16.910512266666668,-0.011932454124999999,3714
531,2019-06-16,16.135,16.609523809,0.6071428569999999,47.26325396833334,130.6322457492603,13.892281485714287,0.0036388835714285766,3717
532,2019-06-17,24.36716216166667,17.144523808571428,0.680277778,47.59759259333333,129.73286440341306,13.659795911111111,0.031706858571428576,3729
533,2019-06-18,34.857417418333334,15.623619048142858,0.7354166664999999,42.220601851666665,125.9087799591002,10.413921600000002,0.098872988625,3731
534,2019-06-19,31.919114113333336,22.27885714285714,0.7943055555,73.75013888833332,132.44128630990218,16.494260327272727,0.0560242538,3741
535,2019-06-20,27.958048048333335,16.396666666250002,0.716388889,54.330555555714284,127.90782107276301,12.185758933333334,-0.007829170666666666,3750
536,2019-06-21,36.02130952428571,15.973958333750002,0.8945714285,60.152,126.24528191975398,14.239137353846154,0.12227895618181818,3752
537,2019-06-22,41.48380952428571,21.34554166625,0.8242857145,55.077020408571435,129.47160452141958,12.6134652,0.04440532333333333,3762
538,2019-06-23,40.847815315,15.972,0.6968055555,42.02699074,106.345396,15.954529760000003,0.056807323300000004,3767
539,2019-06-24,46.053127412857144,14.4529583325,0.6699999999999999,32.23599206285714,126.33179192815847,10.59921977142857,-0.025865360999999996,3776
540,2019-06-25,42.50027027,15.47791666625,0.766388889,44.961746031428575,127.77765361774007,14.2827877,0.02904234314285714,3785
541,2019-06-26,37.49351351285714,16.3186666675,0.8716666665,53.36769841285714,127.43912016448398,15.561341233333335,0.16720854977777777,3792
542,2019-06-27,40.339163448571426,21.78741666625,0.816527778,52.58678571428572,128.88086483815434,11.211049657142857,0.09897920499999999,3794
543,2019-06-28,43.698674388571426,19.04375,0.8,52.903968254285715,129.32116526315892,14.949375323076925,0.1553805556923077,3806
544,2019-06-29,41.57822393857143,17.85891666625,0.6658333335,55.775198412857144,127.96248936624212,12.304756666666668,0.27323971933333335,3811
545,2019-06-30,36.15480695,18.96929166625,0.7218055555,58.52577551,130.15787537756407,15.384276566666669,0.22698338571428572,3815
546,2019-07-01,29.590714285714284,17.47808333375,0.8047222220000001,57.08365079428571,127.37660957692384,13.823583600000001,0.32125591914285717,3825
547,2019-07-02,27.434845560000003,17.50379166625,0.864027778,47.80464285714286,128.32045950267462,14.510532466666668,0.08387545140000001,3835
548,2019-07-03,22.133822394285716,14.01775,0.99,39.508095238571435,123.31305813341358,11.241143533333334,0.090554918375,3841
549,2019-07-04,22.742779922857146,15.433541666624999,1.0006944445,33.86607142857143,123.15440349087693,9.375896311111113,0.0649999975,3843
550,2019-07-05,32.34324324285714,15.62766666625,1.0225,40.47896825428571,123.87192824456021,11.506155644444446,0.06966473349999999,3856
551,2019-07-06,29.914787644285713,13.069749999999999,1.0280555555,35.18365079428572,120.56074280498053,8.3038754,0.06777839017969414,3858
552,2019-07-07,25.907918367142855,12.32446428625,0.9375757575,28.61357142857143,122.44128852957337,10.220964899934465,0.06900794977982581,3867
553,2019-07-08,30.72173745142857,14.24225,0.987777778,37.371666667142854,123.75250560937063,12.520135733333333,0.172534272,3876
554,2019-07-09,28.413320462857143,12.269625,0.94625,29.53150793714286,124.96396528392683,16.104769333333333,0.290395871,3883
555,2019-07-10,27.36932539714286,14.1465,0.8512500000000001,46.97611111142857,124.78722616947174,11.175695720000002,-0.01205231114285714,3885
556,2019-07-11,27.38258687285714,13.564464285749999,0.8981944445000001,60.80551587285714,123.71845420177516,13.01984835,0.27549071733333336,3897
557,2019-07-12,35.99474903428571,34.464553571375,0.6670833335,54.546944444285714,111.816917,11.145333511111112,0.0633767256,3902
558,2019-07-13,30.77061776,21.205517241375,0.7531944445000001,47.33269841285714,126.16544799321707,7.923072,0.50999999,3906
559,2019-07-14,28.797072071666662,24.173004926142855,0.7866666665,44.713750000000005,130.92402764445242,10.694371644444447,0.074398949,3916
560,2019-07-15,29.044285714285714,23.692500000000003,0.935972222,43.34769841285714,129.12032029151666,9.696563733333335,-0.087872326,3925
561,2019-07-16,28.365990991666667,23.391576354714285,0.978472222,38.357129629999996,126.90114243733478,7.3799353000000005,0.015452651000000001,3930
562,2019-07-17,31.853423423333336,21.31709523857143,1.150972222,37.01939814833333,124.2984547240671,7.830782800000001,-0.040748738666666666,3934
563,2019-07-18,33.44108108166667,14.948047618999999,1.2790277780000001,42.777175925,120.41425439020976,10.389642966666667,-0.017481962125000004,3946
564,2019-07-19,32.04885886,15.564904762428572,1.107361111,45.969675925,122.28974095109875,10.392658800000001,0.0398701235,3951
565,2019-07-20,30.43183183166667,17.09352380942857,1.359861111,41.116898148333334,117.83352547357194,6.043382200000001,0.1502225887142857,3956
566,2019-07-21,25.765,19.500968801285715,1.642,39.141888888333334,119.14798199122576,10.28757547692308,0.149983689,3965
567,2019-07-22,29.871906906666666,16.809571428571427,1.7672857145,47.27509259333333,117.03202351353126,11.634662000000002,0.06756896528454348,3974
568,2019-07-23,42.26873873833333,18.951285714285714,1.7430555555,55.776250000000005,118.48161002201087,11.225386000000002,-0.1361574775,3981
569,2019-07-24,34.417027026666666,20.745380952857143,1.392222222,44.66814814833333,123.94433521329728,13.90179786666667,0.225100212,3983
570,2019-07-25,27.454324324999998,18.010714285714286,1.0525,24.18986111166667,126.61799306639848,13.343356400000001,0.07561065021003605,3995
571,2019-07-26,27.085945946666666,21.158571428571427,0.9731944445,30.435092593333337,126.48155986369784,8.795768,0.07157330218092221,4002
572,2019-07-27,23.184084085,19.97538095242857,1.1375,27.033981481666668,120.955519,6.765277760000001,0.07258265485191351,4004
573,2019-07-28,21.276021021666665,20.994904761857146,1.2080555555,19.295370371666667,124.67058816669666,8.563760618181819,-0.034000001200000005,4017
574,2019-07-29,23.030945946666666,19.031,1.3369444445,22.97083333333333,121.25324190934813,6.815102057142858,-0.10778858699999999,4023
575,2019-07-30,22.167657658333336,21.661571428142857,1.2554166665,26.921759259999998,123.31498175471953,7.39879102857143,0.07236626975557955,4025
576,2019-07-31,25.139654653333334,20.739857142428573,1.1280555555,25.131157408333333,124.03384722527404,8.6894164,0.284110494,4037
577,2019-08-01,24.743753753333333,19.90390476142857,1.266388889,34.631805555,122.36863552610936,8.195263771428571,0.06917790292316996,4044
578,2019-08-02,26.558303303333332,23.01380952385714,1.1979166665,32.31828703666667,125.30857010591313,8.820685050000002,0.07220993906355425,4046
579,2019-08-03,24.275585585,25.465285714285717,1.1644444445,35.66041666666667,127.0131719139981,8.550313490909092,0.05500000349999999,4058
580,2019-08-04,27.531951951666667,25.400047618571428,1.1577777779999998,39.528518518333335,127.24415478204757,9.217123,0.05748116550000001,4060
581,2019-08-05,30.22684684666667,18.488428571000004,1.0629166665,41.911759260000004,123.75337423120139,9.23817377777778,0.10086300466666664,4072
582,2019-08-06,31.41384813428571,15.359083333249998,0.8576388890000001,32.539444445,124.07637967708769,8.705888333333334,0.026571805500000004,4074
583,2019-08-07,23.25256113142857,13.639291667125,0.875,26.537698411666668,121.4821267343787,8.427162666666668,0.4799999895,4086
584,2019-08-08,25.650321749999996,13.374125,0.7895833335,23.64552381,124.78986635326186,10.380209334163128,0.07112932473197238,4093
585,2019-08-09,24.206705277142856,13.622249999625,0.718888889,23.22590476166667,123.86233790863152,8.781116533333334,0.324707955,4095
586,2019-08-10,24.11666666714286,14.0272557475,0.701857143,28.070968254999997,125.3232539342127,9.399935244444444,0.10015142866666667,4108
587,2019-08-11,27.611396826666667,14.769047619,0.755147059,32.480686275000004,124.04730596712635,7.792043230769232,0.105063887375,4114
588,2019-08-12,24.915830115714282,13.65591666675,0.8359722220000001,32.31639682666667,122.99450916906544,7.884529911111112,0.018959603400000004,4116
589,2019-08-13,23.193333332857144,14.159666666625,0.8225,23.599873016666667,117.346644,8.822879480000001,0.07370194688907608,4128
590,2019-08-14,25.20111111,13.47580459725,0.887142857,28.80093137333333,122.31174635431411,7.285775500000001,-0.045321196,4135
591,2019-08-15,18.83514285714286,13.51400862075,0.7495714285,26.187904039999996,98.021701,7.48377052,0.07963596763597276,4137
592,2019-08-16,14.708214285714286,14.152708333375,0.68,23.46811111166667,126.18370725538674,9.189787800000001,0.012500002999999996,4149
593,2019-08-17,17.77063492,13.938375,0.6181944445,24.062777777833332,125.90531625947632,9.459032,0.25,4151
594,2019-08-18,22.638353741428574,14.067916666624999,0.71625,22.650714285000003,124.56395067632593,7.164292720000001,-0.049232345250000004,4163
595,2019-08-19,22.50884353714286,13.756833333374999,0.9865277779999999,31.098571428333333,122.36141261946302,8.87879068,-0.02058344525,4165
596,2019-08-20,19.750833332857145,14.495416667125,1.1764285714999998,36.69171568666667,120.80074887120851,8.7057113,-0.042208225700000004,4178
597,2019-08-21,19.861150794285713,14.526708332875,1.2794285715,43.71836601333333,119.47384972997378,9.131455160000002,0.06721565360000001,4184
598,2019-08-22,25.944722221428574,15.714666667125,1.0772857145,43.806960785,122.55262509948612,10.222122553846155,0.11333351216666666,4186
599,2019-08-23,25.700238094285716,15.488375,1.2747142855,43.784934641666666,119.27079767969231,7.9982908,0.06319098069632195,4199
600,2019-08-24,30.477261904285715,14.395071838625,1.2389999999999999,67.304281045,119.45464543765178,9.917005371428573,0.051557504000000004,4205
601,2019-08-25,32.87865740666667,16.630270936,0.8820588235,27.671616161666666,125.30662977265153,9.062789771428571,-0.09333332866666666,4207
602,2019-08-26,33.36436507857143,17.61329166625,1.189142857,30.269607843333333,119.7507774269072,8.903165169230771,0.723505424,4219
603,2019-08-27,29.940079365714286,15.013703703333334,1.279857143,32.44854341714286,120.33731077173772,10.138599938461539,0.0702137554,4226
604,2019-08-28,25.160436507142858,14.230555555222224,0.7416190476666666,34.31252100857143,124.98849368305139,10.116472700000001,0.1863059975,4228
605,2019-08-29,25.477460317142857,12.857148148111111,1.1125714285,28.64495098125,113.912392,9.301814436363637,0.1656476878,4240
606,2019-08-30,25.64392857142857,14.95125925888889,1.2767142855,37.169159664285715,119.50056454089064,8.182737600000001,-0.023237329250000008,4242
607,2019-08-31,31.042817460000002,14.478925925888891,1.5437142855000001,44.16841736714286,116.01239792977088,8.693957942857143,0.11333333699999999,4254
608,2019-09-01,31.048703703333334,14.819942528375,1.0813235295,30.12225108142857,120.82496955007325,8.457026914285716,0.19168054383333333,4256
609,2019-09-02,42.77277777857143,17.43974074077778,1.1292857145,146.48477941125,120.12280906490503,9.256608061538461,-0.054727967714285716,4268
610,2019-09-03,34.08305555571429,18.203000000333333,1.2988571430000002,152.2766176475,120.24056205825289,12.834011760000001,0.19385398075,4275
611,2019-09-04,32.31293650857143,14.313592592222221,1.2514285715,53.7684803925,119.11696508695354,9.310717233333333,0.07263947775,4277
612,2019-09-05,29.068968254285714,16.96681481522222,1.02,25.495126050000003,124.05372719895136,9.618508222222223,0.06412111,4290
613,2019-09-06,30.31218254,12.232185185555556,1.1407142855,31.07086834714286,119.70675342703863,9.921958186666668,0.14207451414285716,4296
614,2019-09-07,27.703423424285713,11.538629629555555,1.036388889,29.690176871428573,106.869265,8.342505640000002,0.1329723025,4298
615,2019-09-08,24.18993565,12.315481481444445,0.8486111110000001,27.791469387142858,122.6774028790764,8.993487600000002,0.0677683470919003,4310
616,2019-09-09,29.404993564285714,14.644481481444444,0.845138889,38.310380952857145,124.71039984164611,10.646206142342649,0.06598638550686223,4317
617,2019-09-10,32.74050193,16.394555555555556,0.847638889,45.924027210000006,126.01367332420158,11.364581200000002,0.031491652,4319
618,2019-09-11,35.13180180285714,13.113296296666666,0.877,48.53970068,125.40523261613187,11.747819200000002,-0.41723642499999997,4331
619,2019-09-12,28.20122265142857,13.155407407444445,0.7344285715000001,36.14514285714286,126.8289281444218,13.361474900000001,0.012388397249999995,4333
620,2019-09-13,29.508069498571427,14.158777777777779,0.7657142855,26.718258504285718,141.09537,11.354918,0.22672918899999997,4345
621,2019-09-14,34.60191763285714,13.719111111111111,0.887,29.35145578142857,131.89856,9.130492600000002,0.06792043338742793,4347
622,2019-09-15,42.17841269857143,17.60642400988889,0.7617142855,32.971782312857144,126.35560850201459,8.793791650000001,-0.035000004,4360
623,2019-09-16,29.92988417,13.861814814444443,0.8581944445,43.854843537142855,122.90782802719004,9.7929858,0.21950867780000002,4361
624,2019-09-17,25.59440476142857,14.498914431333333,0.981142857,40.361554621428574,123.27872765035237,9.980330933333335,-0.039999999,4371
625,2019-09-18,25.26198198142857,15.095444444111113,0.79,25.781142857142857,117.579475,8.715049345454547,-0.04670237549999999,4380
626,2019-09-19,25.43855855857143,16.23970370411111,0.761111111,26.8989047625,122.352503,9.035881600000002,0.025664780999999998,4385
627,2019-09-20,27.514839124285714,17.67062962888889,0.965,35.014488095,105.0066205,7.9503132,0.004166682000000005,4394
628,2019-09-21,30.420489061428572,19.309962963,0.895138889,32.87495238,116.589945,11.032653527272728,-0.01912488242857143,4396
629,2019-09-22,27.298015872857142,17.08595146877778,0.9875714285,29.19279762,127.76101604034852,13.255046533333335,-0.270000011,4408
630,2019-09-23,28.184607464285712,13.916407407777777,0.970972222,30.67008333375,112.748239,8.458578430769233,0.09777450725,4415
631,2019-09-24,27.243384814285715,16.140185184777778,1.2866666665,33.501988095,120.257027,9.826581400000002,0.169843912,4417
632,2019-09-25,23.967896824285713,14.557925926,1.045277778,29.213130952500002,127.358362,8.866370545454545,0.460000008,4429
633,2019-09-26,22.985039682857145,14.982592592222224,1.0254166665,24.080738095,121.67735335331648,7.428848200000001,0.07067212115951106,4431
634,2019-09-27,18.73968253857143,14.357902298374999,0.790142857,18.445560224285714,108.353561,15.631166000000002,-0.3575226515,4443
635,2019-09-28,16.09981982,13.754629629666667,0.8272857145,20.549156462857145,124.67100096024978,8.904977200000001,-0.090000004,4445
636,2019-09-29,14.364960317142858,13.665370370333333,0.6022058825,14.645428571666665,118.77273199999999,5.888160000000001,-0.113144249,4458
637,2019-09-30,18.63936937,15.08711111111111,0.847638889,25.170619048333332,124.37598086019077,8.6406868,0.06725712127488964,4459
638,2019-10-01,23.84857142857143,15.2364666667,0.907777778,28.355694445,124.797225,10.624967829199473,-0.323479354,4471
639,2019-10-02,27.852664092857143,19.9100666667,1.3452857145000001,33.52234567888889,123.050995,10.4173244,-0.020147144666666672,4473
640,2019-10-03,31.002831402857144,15.774666667,1.0312857145,43.69672839555555,108.790118,5.092168000000001,0.0701282250995044,4483
641,2019-10-04,32.01432432428572,14.4626333333,0.9165277780000001,36.09064814777778,115.018338,11.310300900000001,-0.23525546139999998,4492
642,2019-10-05,35.32014157,13.8306666666,0.8313888890000001,37.51657407444444,117.69589,9.611894800000002,0.02704645674999999,4494
643,2019-10-06,31.87817567625,14.6511000003,0.767777778,54.71944444375,113.7377695,8.369503850000001,0.3061282045,4506
644,2019-10-07,26.57829955,13.875066666999999,0.756388889,54.70986111125,106.61703240000001,9.769520836363638,0.218111968875,4513
645,2019-10-08,28.106833977142855,9.157148147777779,0.7667142855,45.62674603285715,126.543455,7.8841748,-0.5770559165,4516
646,2019-10-09,32.04891891875,17.1518,0.965277778,59.391944445,114.494469,9.589317566666667,0.090400307,4527
647,2019-10-10,36.94454391875,17.491666667,0.9858333335,71.8553125,105.3558663,11.038250800000002,0.349180013,4529
648,2019-10-11,38.8559121625,15.703266667,1.1218055555,69.00157407,94.37402083333332,10.009520444963574,0.07089991368007616,4541
649,2019-10-12,36.395405405,16.079733333,1.1595833335,78.79256173333334,86.35106495,9.472906400000001,-0.029507861,4544
650,2019-10-13,33.9089977475,15.1462000007,1.265857143,80.57395061888889,96.5956133,11.816092254545454,0.32231178222222223,4553
651,2019-10-14,35.41531250125,15.600678161,1.4220833335,85.80771604444445,96.47919795,13.379349,-0.030278568090909088,4562
652,2019-10-15,34.90881944375,15.535712643,1.5044444445,103.70876543333333,119.995093,6.767906000000001,-0.03681361833333333,4564
653,2019-10-16,28.76683928625,16.081482759,1.3084285715,107.07066137777777,106.7382982,11.706900145454547,0.07262228966666667,4577
654,2019-10-17,25.81330952375,16.3439195403,1.070857143,98.97191533333333,94.90759115,5.8242813600000005,-0.11504331033333333,4583
655,2019-10-18,25.5569097225,15.5754712643,0.899027778,84.27611111,99.2586137,10.155525723076924,-0.0586617528,4585
656,2019-10-19,32.98427083375,18.784333334,0.87375,73.04864197555555,141.444616,6.1423673333333335,0.1700000055,4597
657,2019-10-20,30.12128571375,17.3375,0.9794285715,84.08104761888889,118.86004366666664,10.58521048888889,0.38919932316666667,4604
658,2019-10-21,27.77407657625,17.494266666999998,1.0756944445,98.6614506111111,127.8240235,12.872552177777779,0.0961326704,4606
659,2019-10-22,30.84102477375,15.373233333300002,1.1625,90.09737654333334,115.57131100000001,7.408290400000001,0.08396620925,4618
660,2019-10-23,35.825957206249996,16.844266666000003,1.3570833335,105.48243826666666,122.119673,13.15408312727273,0.06519544599999999,4620
661,2019-10-24,32.54662162125,16.057533333000002,1.8493055555,111.1007716,113.11244851003174,10.2100732,0.11528034499999999,4632
662,2019-10-25,31.49246621625,15.3589,1.419861111,85.09990741111112,119.2609167806572,12.02579788,-0.020962883285714273,4634
663,2019-10-26,31.97068693625,17.370518517777775,1.3369444445,110.425902775,106.927473,10.926883128760188,0.039549280461963654,4644
664,2019-10-27,33.373614865,24.802666666666667,1.2743055555,165.14975694999998,124.53529075,10.072789333333334,0.158269894,4648
665,2019-10-28,40.1006418925,25.64340740777778,1.459027778,231.37590277500001,131.72393649999998,9.333350240000001,0.243861511,4658
666,2019-10-29,43.39645833375,18.865074074444447,1.8880555554999998,201.4124652875,118.51079766666665,7.861177700000001,-0.48210129859999995,4667
667,2019-10-30,46.788817567500004,17.448851852222223,1.930277778,219.9212152875,135.798473,10.123336266666668,-0.1103695724,4672
668,2019-10-31,42.874200455,18.638888887777778,2.1030555555,220.3609375,113.3594195,7.0272896000000005,-0.09691181400000001,4676
669,2019-11-01,42.861306309999996,19.486444445555556,1.929027778,239.1454861,116.269803,13.934425714285718,0.056163555000000004,4688
670,2019-11-02,31.98228603625,17.46055555666667,2.0305555555,221.39781250000001,95.4605639,7.652994960000001,0.13947853475,4693
671,2019-11-03,33.23762387375,16.550444445222222,1.7469999999999999,334.53413194999996,119.17048426666666,10.175164285714287,-0.785800278,4698
672,2019-11-04,31.43779279375,17.369037037444443,0.9199074073333334,218.9651388875,118.5690055,6.326632400000001,0.090000004,4707
673,2019-11-05,37.79636261375,17.684648786666667,1.429722222,157.9646874875,99.47689233333334,12.391534092307694,-0.12403598722222221,4716
674,2019-11-06,37.750146396249995,18.270689655888887,1.21875,136.5467708375,100.75746125,19.794144000000003,0.021615373333333326,4723
675,2019-11-07,31.215675676249997,16.27951851888889,1.2643055555,120.58708333375,105.35586615,6.580146640000001,-0.11666666833333333,4725
676,2019-11-08,32.72980855875,18.987,1.406527778,110.09069443749999,111.031113,16.5537384,0.010617698444444454,4737
677,2019-11-09,36.32599099,15.858296296666667,1.258888889,94.1531597125,118.56680267403136,9.230762400000001,0.150000006,4744
678,2019-11-10,42.48662162125,16.683777777777777,1.2929166665,138.455902775,97.00306685000001,13.033322466666668,0.16119002272727273,4746
679,2019-11-11,46.11402027,19.238407406666667,1.542777778,161.2048264,90.8621587,11.4028392,-0.859438062,4759
680,2019-11-12,51.98478603625,18.42211111111111,1.80375,200.14336805,105.67600842499999,11.747859803582976,0.001971987091453631,4765
681,2019-11-13,57.69849098625,20.43025926,1.997361111,213.2842361125,99.30226935,5.208546266666667,-0.0476579385,4767
682,2019-11-14,62.8112387425,21.566962963333335,2.1445714285,203.9002777875,103.08576766666665,10.337211333333334,0.044846489666666677,4779
683,2019-11-15,51.95295045,20.254074074444443,1.618888889,186.008159725,97.52693585,11.146296750000001,0.11866885666666666,4786
684,2019-11-16,37.327894145,16.770740741111112,1.1831944445,105.70892360375,99.1858542,6.977466466666667,-0.0869207388,4788
685,2019-11-17,36.518254505,13.644259258888887,0.9995833335,86.2808333325,102.067133375,9.920125927272728,0.0603068,4800
686,2019-11-18,41.770624999999995,14.079361430777777,1.215,106.20225695,95.47996640000001,5.958840480000001,0.189333625,4802
687,2019-11-19,55.35651222714286,13.710814815222223,1.2944444444999998,127.0953125,100.757460925,13.629154000000002,-0.197150688,4814
688,2019-11-20,59.64634492142857,16.51651851888889,1.6099999999999999,144.4572222125,100.02986505,5.243658400000001,-0.468142462,4816
689,2019-11-21,58.50584298571429,14.494266667,1.833888889,161.9399652875,106.14166975,11.106430880000001,0.022764240256407053,4829
690,2019-11-22,52.60275418857143,14.259400001,1.5490277780000001,141.5771604888889,116.066076,20.9197658,0.039999999499999994,4835
691,2019-11-23,40.8854617125,10.8629,1.070138889,109.3162963,105.86033266666668,8.017307,0.281652828,4837
692,2019-11-24,40.733923611250006,10.327632184,0.8695714285,92.02466049666667,119.32570466666668,13.188986181818182,-0.06815464818181818,4850
693,2019-11-25,44.97019144125,11.340366667,0.966527778,108.80472222555555,102.387276,5.275248666666667,-0.084373925,4856
694,2019-11-26,40.196914414999995,16.032566667,1.0248611109999999,122.09987654111112,100.9611878,11.20875552,0.134306141,4858
695,2019-11-27,37.5544819825,10.971781609699999,0.8433333335,80.73541666749999,93.7434379,7.411791900000001,0.03705108166666667,4870
696,2019-11-28,31.05673611125,8.8534333334,0.6341666665,75.60055555555556,91.327819975,8.826788,0.1009999925,4877
697,2019-11-29,35.20778153125,11.494333333,0.8705555555,81.4133950611111,93.51060724999999,9.030756720000001,-0.0238627905,4879
698,2019-11-30,37.3683220725,9.3628999997,1.057638889,93.66677082875,94.04417746666667,10.131882290909092,0.1018548475,4891
699,2019-12-01,39.9962274775,9.990866667,0.827777778,99.89715277875,99.79703475,14.502617666666668,0.17964131863636365,4893
700,2019-12-02,44.69260416625,9.9760919547,1.0254285715,126.1487857125,118.598109,6.088962800000001,-0.1190211505,4905
701,2019-12-03,45.475912162499995,10.9623000003,1.257037037,120.2465432111111,95.83309294,15.515894654545457,0.1720402111818182,4907
702,2019-12-04,51.72054054,12.2994000007,1.6928703703333332,150.47287037777778,98.97242626666666,7.2719716000000005,0.2452552474,4920
703,2019-12-05,50.017387382500004,11.839103448,1.5423148146666665,168.83262345555556,113.4118064,14.394035326153848,-0.162411277125,4926
704,2019-12-06,37.3015765775,11.472390805,1.195925926,143.42391975555554,111.27364499999999,5.809425600000001,-0.0243351995,4928
705,2019-12-07,39.77759009,12.053166667000001,1.4757407406666667,123.96623456666667,114.77095550000001,13.134693633333335,-0.01155006042857142,4941
706,2019-12-08,44.1613175675,10.7592000007,1.506111111,136.8089814777778,118.10334399999999,22.70709308,0.01375986500000001,4947
707,2019-12-09,42.697094594999996,12.447133333,1.3803703703333332,141.95388888888888,120.72268866666666,8.100642700000002,0.20250570942857143,4949
708,2019-12-10,45.769808555,11.6853666667,1.5057407406666667,158.6508642,116.492932,17.76495232727273,-0.021063388555555555,4961
709,2019-12-11,52.214639635,13.640633333,2.271666666666667,193.8924074111111,121.6249075,7.815260266666667,0.079724908,4968
710,2019-12-12,36.86273648625,9.754266666300001,1.2104629630000001,162.7418209777778,120.30068324999999,8.178451200000001,-0.0010051585893074144,4970
711,2019-12-13,24.14868055625,8.662066666600001,0.7442592593333334,65.56959876555555,129.104592,5.824760133333334,0.2348430246666667,4982
712,2019-12-14,27.53439950875,9.1691609192,0.8463725489999999,61.562962963333334,123.4584488,8.215543600000002,0.118932247,4984
713,2019-12-15,25.2521323525,8.6422666667,0.8479047620000001,74.02951323111112,132.364221,9.78780264,0.031724830666666676,4996
714,2019-12-16,23.64208333375,7.5241666667,0.7363809523333334,76.37254902333332,125.03005566666667,6.499191333333333,-0.11494159,4998
715,2019-12-17,23.31596428625,7.433166666700001,0.747142857,82.07216930777777,108.440872,8.30845085,0.22231933700000003,5010
716,2019-12-18,27.0166547625,8.9041000001,0.756095238,92.83434921111112,101.97982195,5.816839066666667,0.36892329150000003,5017
717,2019-12-19,32.16841666625,8.164740740666666,0.958095238,135.775702375,137.98126000000002,11.057389200000001,0.170000002,5019
718,2019-12-20,42.64974789857143,9.166037036666667,1.049047619,176.5030357125,137.66111800000002,7.247215384,-0.15426406,5032
719,2019-12-21,37.78527891,7.080407407333333,0.9030392156666666,149.1375,140.39687833333335,10.072766355555556,0.3560068685,5038
720,2019-12-22,29.211809524285716,6.233185185222222,0.7373529413333334,111.17677380875,113.097485,6.005096000000001,-0.2857748836666667,5040
721,2019-12-23,30.70019841285714,8.6488,0.7687254903333333,121.9144656111111,131.82094933333335,10.301682466666668,-0.48317648449999995,5052
722,2019-12-24,34.72204861125,9.1172666667,0.8672380953333333,138.36223280000002,141.2408895,23.518332685714288,-0.2633333340000001,5059
723,2019-12-25,29.16024305625,8.138643678200001,0.7306666666666666,103.89896296666667,133.23733575,6.7241866,-0.516079053,5061
724,2019-12-26,30.45204861125,8.0408678161,0.7494285713333334,109.11283597777778,133.0627125,10.707322757221473,0.01854853819312463,5073
725,2019-12-27,32.06017857125,8.637066666299999,0.780980392,129.01444444444445,151.339918,8.311080500000001,-0.002706712807878431,5075
726,2019-12-28,31.69753571375,9.3450999996,0.9014705883333334,145.56461873333333,130.69560133333331,12.061860666666668,0.4717981523333334,5087
727,2019-12-29,35.71389706,9.0062,0.9130392156666667,154.79034857777776,128.8717615,6.430596400000001,-0.1838634725,5089
728,2019-12-30,34.20305952375,8.022433332999999,1.055490196,153.971122,122.07601679999999,12.1722903,-0.28096599499999997,5102
729,2019-12-31,33.5321875,9.884866667,1.1004761903333333,143.46938624444445,117.404852,7.3953372,-0.09603059766666666,5103
730,2020-01-01,43.50364583375,12.896700000000001,1.594952381,217.405875,134.226866,12.8700664,-0.119999997,5113
731,2020-01-02,38.879756945,12.085233334,1.478,151.57371428888888,139.9603205,19.293158914285716,0.0285524915,5122
732,2020-01-03,36.93340277875,10.9261,1.354095238,107.63468783333333,144.58783,11.445280595517074,0.381025374,5127
733,2020-01-04,37.176238095,9.478557470999998,1.3085714286666668,130.214321425,135.216396,14.883715600000002,-0.839999974,5136
734,2020-01-05,31.559535713749998,10.217214285699999,0.8015238096666667,92.64700529999999,122.701749,5.832512,0.03248109673098605,5138
735,2020-01-06,33.0822222225,10.128511904,0.8136190476666667,91.58334392222223,123.962915,12.689254266666667,-0.23008214333333332,5150
736,2020-01-07,29.0497916675,9.2520333333,0.7969523810000001,92.59692064111111,133.93582750000002,6.7111958000000005,0.18249762049999999,5157
737,2020-01-08,24.10329861125,7.7635333334,0.6324761903333334,80.82637037777778,140.38232625,10.688123453015105,0.0267182091970814,5159
738,2020-01-09,23.91219047625,9.2918,0.6697058823333334,74.48386243333333,143.481884,17.7742344,-0.06470540375,5171
739,2020-01-10,29.09104166625,8.5533333333,0.8699019606666667,80.11012699333334,113.38852366666667,8.764213542857144,0.46794861083333333,5173
740,2020-01-11,34.925555554999995,10.235266667,0.8405882353333333,96.97676190777777,136.13316700000001,16.370664,-0.10380064954545455,5185
741,2020-01-12,39.8715277775,11.371,1.1212121213333333,136.3874709,117.69589,9.292219600000001,0.24534160366666669,5187
742,2020-01-13,34.877604167499996,9.6353,1.0850980393333334,140.25151322222223,139.46555566666666,13.246010000000002,0.04999999699999999,5200
743,2020-01-14,27.48722222125,8.6758,0.7216190476666666,93.51315343333334,122.8181645,4.857481333333333,0.0931841125,5201
744,2020-01-15,32.543194445,9.553566667,0.768095238,99.98310582222221,137.37007975,12.436472600000002,-0.17023829525,5213
745,2020-01-16,31.35,8.660199999700001,0.7022857143333333,86.51889947444445,149.011612,12.455289520000001,0.03484385233333335,5215
746,2020-01-17,30.37913194375,8.793099999999999,0.7341904763333332,75.40686773333333,120.35404033333333,21.056,-0.03350760425,5225
747,2020-01-18,30.3348958325,9.8895333333,0.800392157,81.9693756588889,150.58321899999999,14.090081120000002,-0.1405118427142857,5234
748,2020-01-19,29.79319444375,8.7695666667,0.6073333333333334,75.40081481888889,142.8998075,7.644305600000001,-0.216818748,5236
749,2020-01-20,33.69989583375,9.5612666667,0.8643809523333333,92.16199999222222,119.0113836,17.1176491,0.36265823225,5246
750,2020-01-21,37.91986111,10.893766666000001,0.96,118.08605291111111,127.47477733333334,6.63667824,-0.47500000575,5251
751,2020-01-22,35.14184027875,8.6151000003,0.8822857143333334,101.49724867777779,121.19999179999999,11.926070676923077,-0.15138281633333334,5260
752,2020-01-23,26.2296527775,9.1420333333,0.6097142856666666,60.61889947111111,118.30707100000001,4.4381097333333335,0.23477130775,5269
753,2020-01-24,29.9431597225,10.860933333,0.8081904763333333,61.44848677333333,115.4839995,13.094314246153848,-0.11276812359999999,5276
754,2020-01-25,37.40302083375,11.150266667,0.821904762,106.06075132222222,117.23022900000001,23.078396840000003,0.10491907,5278
755,2020-01-26,38.1915625,11.798022988,1.0517142856666666,131.37567195555556,129.958304,7.167685314285715,0.2770612608333333,5290
756,2020-01-27,42.54402777875,11.395266667,1.0221904763333332,128.54002116666666,120.451053,14.595492800000002,0.21459305299999998,5295
757,2020-01-28,28.74555555625,11.017233333300002,0.7744761903333334,84.21041270333333,133.062713,7.815592400000001,-0.06837656,5299
758,2020-01-29,29.94809027875,8.8945666667,0.8355238096666667,75.88800000444445,136.16712133333334,9.373753490909092,0.11002057666666668,5309
759,2020-01-30,26.06368055625,9.2195333337,0.7799999999999999,70.85121692666667,108.615495,5.664264533333334,-0.49000001,5319
760,2020-01-31,29.026319445,9.581900000000001,0.782,63.10177777777777,114.65454025,10.015747723076924,-0.3929309736666666,5325
761,2020-02-01,34.82753968285714,10.30011111111111,0.9001904763333334,78.61075132222223,130.9090295,6.30881,0.1521184276666667,5327
762,2020-02-02,31.534166665714288,10.454555555555554,0.787904762,76.46201058888889,118.89884866666667,10.18924450909091,0.21973842291666665,5340
763,2020-02-03,42.01749999875,11.4748,0.9301904763333333,88.11384126333333,112.3698895,13.356789000000001,-0.044815730899999996,5342
764,2020-02-04,37.29145833375,11.063833334,1.2239047619999999,111.27268254444445,125.84496250000001,7.318996666666668,0.1488600374,5351
765,2020-02-05,30.55850694375,10.4408,0.810095238,92.49859258888888,123.28382566666666,12.720920872727275,-0.10848842100000003,5360
766,2020-02-06,33.472604167499995,11.1842,0.8421904763333333,82.88724866666666,130.15233,7.028865040000001,-0.044551725333333354,5367
767,2020-02-07,38.658611111249996,12.157266667,1.0816190476666667,97.94384126666667,134.0173186,12.964929753846157,-0.14261604600000002,5369
768,2020-02-08,34.33982638875,11.070766666,0.9625714286666667,93.24375662222222,131.4445398,4.3892736,0.028394521861898323,5381
769,2020-02-09,36.38184027875,10.077574712,0.9832380953333333,96.80978214444445,124.462531,12.8654604,0.2466931632,5386
770,2020-02-10,37.99395833375,10.315933333,1.1522857143333334,103.57764021111112,118.976459,15.603494280000001,-0.03989393140000001,5390
771,2020-02-11,38.445902778749996,10.357666667,1.2075238096666667,111.60737566666666,114.533274,9.13091325,-0.055271560555555564,5400
772,2020-02-12,33.65173611,9.458,0.8531428569999999,97.96008465555556,132.28661066666666,14.036225272727274,0.12112215853846155,5409
773,2020-02-13,28.1296527775,10.822333334,0.7712380953333332,67.5777460288889,155.414455,8.345188400000001,-0.09293442975,5414
774,2020-02-14,25.8282986125,9.3110666667,0.7846666666666667,59.95138624444444,133.140323,11.0702625,0.025513270416666668,5418
775,2020-02-15,31.8198611125,11.353833334,0.9065714286666666,65.80101587444445,109.663233,6.814153999999999,0.354828298,5430
776,2020-02-16,38.24916666625,11.564433333,1.1142857143333333,88.5013015888889,145.169906,10.8580152,0.0885604713076923,5435
777,2020-02-17,39.510798611249996,11.1909,1.0062857143333332,95.59833862222223,124.622602,8.513166400000001,-0.028100391333333346,5440
778,2020-02-18,38.25902380875,13.326466667,1.0260784313333333,82.68383069666667,131.70453433333333,9.918955200000001,-0.1073174514166667,5449
779,2020-02-19,39.23176190375,12.281133333,1.040095238,102.53942857,127.41657000000001,9.346873550000002,-0.08136347675,5458
780,2020-02-20,29.192847221250002,11.852333333,0.700857143,84.32372486000001,152.8533175,7.310126200000001,-0.012649076250000009,5465
781,2020-02-21,24.1163888875,10.4719,0.618,55.90930159111111,133.84851625000002,15.7443044,-0.14426649600000002,5467
782,2020-02-22,32.48180555625,11.701444444444444,0.827047619,53.1070297625,132.44183133333334,7.6623489000000005,0.3644774855,5479
783,2020-02-23,31.43260416625,11.236814815555555,0.7730392156666667,69.71708929125,140.30956650000002,12.9871434,0.08802086733333332,5486
784,2020-02-24,28.84271428625,12.471862069,0.747142857,52.06155555444444,133.2955435,6.117062533333335,-0.229573339,5488
785,2020-02-25,32.06207107875,11.566189654999999,0.8380392156666666,73.48120634777779,161.118805,11.848026960000002,-0.3718870312,5501
786,2020-02-26,32.790381945,11.297066667,0.9096190476666667,79.18516402666667,143.7729225,24.08417508571429,0.0624362815,5507
787,2020-02-27,31.793993055,9.538933333700001,0.9036190476666667,81.16077249222222,138.59244075,7.824047700000001,-0.51,5509
788,2020-02-28,26.641006945,10.5205666663,0.7253333333333334,69.67114285666668,122.759957,15.04429768,0.2375044551111111,5521
789,2020-02-29,26.69017361125,11.166000000699999,0.6153333333333333,54.53502645555555,97.4396244,7.8277779333333335,-0.014683041833333342,5528
790,2020-03-01,35.4690277775,12.155850574,0.6982857143333333,45.460063492222226,120.83910425,10.420262327272727,-0.06098887636363636,5530
791,2020-03-02,37.39180555625,12.629466666999999,0.897904762,67.90528042666666,134.343281,9.1849421,0.3706818496666667,5542
792,2020-03-03,33.01638888875,12.850666667299999,0.7884761903333334,70.30776719222223,136.38055,10.574937815384617,0.31159486841666667,5544
793,2020-03-04,33.1915972225,12.145899999,0.881142857,73.25197883333334,126.7180775,9.72926696,0.08765087299999999,5556
794,2020-03-05,25.995881945,10.38895,0.7032352940000001,42.89132804222223,138.534233,10.06347644,-0.10069852714285712,5558
795,2020-03-06,23.89174305625,7.9506166664,0.6156190476666666,23.26679365111111,130.326953,9.036306480000002,0.111313862,5570
796,2020-03-07,29.48109722125,7.8005833337,0.6782857143333333,32.74558605777778,151.223503,7.224558,0.04768607523147911,5577
797,2020-03-08,33.79233333375,9.982150000699999,0.7878431373333333,52.74842265444445,118.80183600000001,10.213299963636365,0.059951255700000004,5579
798,2020-03-09,29.555486111249998,10.752866667300001,0.6638095236666667,45.02702645555556,116.70636,8.623725440000001,0.21853126920000002,5592
799,2020-03-10,32.081555555,13.518833333,0.7668571430000001,74.22798941777779,142.569964,8.8161848,0.12959452672727273,5598
800,2020-03-11,28.597487654444446,10.982636363636363,0.7320714285,50.17318518444445,172.5857145,8.390828533333334,0.06436454533333334,5600
801,2020-03-12,28.849753086666666,11.253409090636364,0.70614285725,46.07335449666667,141.38640825,9.6789732,-0.095897921875,5612
802,2020-03-13,26.430506173333335,12.393568443363636,0.68014285725,44.19557671888889,168.97683949999998,15.744456680000003,-0.150674957,5619
803,2020-03-14,20.94251389,12.367424242454545,0.6585714285,31.573301587777777,135.798473,18.82698426666667,0.022382662166666664,5621
804,2020-03-15,23.744488095,12.569339827,0.64272058825,36.518285402222226,112.719135,10.699119166666668,-0.07474915709090911,5633
805,2020-03-16,49.230476190000005,11.484107743636365,0.6485,46.83580952333333,125.495717,14.692858000000001,0.0621921424,5635
806,2020-03-17,26.021574074444445,12.40262987,0.678014706,52.76536165555555,119.50032800000001,10.036484123076924,0.09120160708333334,5647
807,2020-03-18,28.21148148111111,15.248041124545454,0.6655714285,58.94790476222223,106.636435,12.437835600000001,0.0792216805,5649
808,2020-03-19,27.52203703666667,15.50205329181818,0.7082352940000001,65.90868782666666,130.617991,10.193318061538463,0.290272932,5662
809,2020-03-20,30.22765432111111,20.25291274909091,0.7756428572499999,64.28896295555555,120.024197,11.65462008,-0.252882898,5668
810,2020-03-21,29.132561727777777,18.297912748181815,0.78914285725,75.69544444444445,135.42982433333336,9.962885428571429,0.302337788,5670
811,2020-03-22,19.962500000000002,15.255263845454545,0.5464285715,51.61194179888889,123.3420335,6.917017155555556,0.119965339,5683
812,2020-03-23,20.39683068777778,14.458695286363637,0.47264705875,42.90800653555556,137.253664,11.225622880000001,-0.027298774666666664,5689
813,2020-03-24,20.56132275222222,13.374629629090908,0.4786764705,44.450375816666664,127.66880299999998,8.98700368888889,0.2233195208,5691
814,2020-03-25,17.558,11.38513468,0.44970588224999997,41.335713507777776,127.06718001159109,11.249841666666669,0.15351997380000001,5703
815,2020-03-26,16.708653197777778,11.206986532727273,0.39757575749999996,39.758989898888885,124.27335599999999,6.5540202800000005,-0.13574860928571428,5710
816,2020-03-27,16.176455026666666,10.699924242454545,0.40484848475,32.198622004444445,141.15357799999998,10.762288733333335,-0.17560344833333333,5712
817,2020-03-28,16.456895424444447,9.991165501545455,0.39219696975,21.884050925555556,127.39716700000001,7.467937015384616,-0.22427590241666664,5724
818,2020-03-29,15.948028323333334,10.491363636636363,0.343560606,23.002534722222222,108.557288,8.546397963636364,0.1288636976,5726
819,2020-03-30,19.068724867777778,11.425681818181818,0.36183823525,29.94855324111111,115.7750375,10.357902727272728,0.1311467308,5738
820,2020-03-31,16.53493266,11.448111888181817,0.36075757575,35.41406565666667,102.5910026,10.575847880000001,0.05751096655555557,5740
821,2020-04-01,17.368097642222224,11.918065269090908,0.358984375,38.55694444444444,129.686669,9.248489457142858,0.16828501966666667,5752
822,2020-04-02,16.143990442222222,11.874278787272727,0.35,33.26288888888889,142.55056150000001,7.962195975000001,0.08728621830769231,5759
823,2020-04-03,17.16337963,12.828522727272729,0.32683333324999997,26.711425925555556,124.8845365,8.213265666666667,-0.006093978666666666,5761
824,2020-04-04,18.40705387222222,14.462529137272726,0.40241935475,35.72029629666667,100.15598196666667,7.576868553846155,-0.02365959415384615,5774
825,2020-04-05,20.100757576666666,14.519628205,0.45774193550000003,46.853562499999995,108.2371455,7.503867250000001,-0.05925500366666667,5780
826,2020-04-06,19.84802419375,15.910037036666665,0.43338709675000003,46.02116666625,117.09441133333333,8.71110436923077,0.01999959108333333,5782
827,2020-04-07,17.52539215625,12.96255291111111,0.34889705875000004,30.87029356,128.638931,8.449545320000002,0.041808722250000006,5794
828,2020-04-08,19.734981060000003,15.057057614444444,0.3275757575,32.2673046875,139.931217,9.250531942857142,0.0806342454,5801
829,2020-04-09,20.1465808825,14.787156084444442,0.40227272725,35.14712121125,135.798473,7.268768080000001,0.0747054315,5803
830,2020-04-10,21.8891421575,14.545967077777776,0.436439394,44.7978977275,145.169906,7.773128840000001,0.10424466616666665,5815
831,2020-04-11,15.68986532,14.406722221999999,0.42203124999999997,48.54714015125,131.22917125,9.42730888,0.022341549785714288,5817
832,2020-04-12,14.07542824111111,13.111148148000002,0.3862903225,37.36688802125,140.513293,9.521886666666667,-0.06491980960000002,5829
833,2020-04-13,16.310648147777776,14.280897435999998,0.40362903224999996,45.151646505,152.271241,11.066797876923077,0.24400495183333334,5831
834,2020-04-14,18.07287878777778,14.541370371,0.47443548375,48.54736979125,137.835741,8.8572158,0.03837188583333332,5844
835,2020-04-15,17.622929292222224,11.837628205,0.4622580645,48.512580645,163.563527,11.059905714285716,0.11325074233333332,5845
836,2020-04-16,18.676857825555558,14.084566667,0.40068965525,54.033454301249996,136.438757,9.320912738461539,0.012103107400000002,5855
837,2020-04-17,14.183784722222223,11.436576923,0.314,31.27310483875,129.15585184256506,10.087032327272729,-0.142186806,5864
838,2020-04-18,12.267741935555556,10.0335128207,0.4165,26.219401041250002,166.590326,8.308627771428572,0.04030994075,5869
839,2020-04-19,16.073101852222223,12.369307692,0.42458333325,29.48055989625,125.94738638241225,5.926684333333334,-0.09785597160000001,5878
840,2020-04-20,17.302248677777776,14.170718391,0.50578125,36.733909315,148.66236600000002,11.340965266666666,0.1927980736,5880
841,2020-04-21,15.917003366666668,14.858092592,0.453046875,26.76282197,139.814802,8.69976016,-0.003417956799999999,5892
842,2020-04-22,18.332074074444442,14.403994253000002,0.44227272725,40.56406862625,139.77599633333332,11.74557910769231,-0.07203288175,5899
843,2020-04-23,18.95125925888889,12.928143678000001,0.46825757575000004,38.105882352500004,125.728548,8.962895300000001,0.16787772812500001,5901
844,2020-04-24,17.03547619,13.400380953,0.467121212,43.55427696125,147.032551,10.880118628571429,0.1481365126,5913
845,2020-04-25,16.431978836666666,12.866919540000001,0.407734375,35.868406863749996,140.164047,11.520162480000002,0.1816332935,5915
846,2020-04-26,15.114956427777777,11.9065229883,0.41459677424999997,30.6966477275,129.23373296007208,12.095111600000001,-0.03570694425,5927
847,2020-04-27,15.864050926666668,10.1177380953,0.45125,20.460160985,147.2071745,10.02067766153846,0.19773771287499997,5929
848,2020-04-28,20.885703704444445,10.790551281599999,0.45533333325,27.219475806250003,136.671588,12.206370000000001,-0.25999999,5939
849,2020-04-29,14.7699166675,12.252933333300001,0.4647580645,35.5598790325,138.7670635,11.45233236923077,0.2230601335714286,5943
850,2020-04-30,13.533560606250001,11.722086246636364,0.43916666675,39.220108932222224,140.513293,10.747946840000001,0.022416323000000002,5955
851,2020-05-01,16.910993265555554,11.603706293636364,0.42484375,36.62316498333334,140.396878,14.076628914285717,0.133404114,5957
852,2020-05-02,12.99725926,10.772505827545455,0.453467742,30.02914351888889,154.599547,9.977799200000002,0.20238690228571427,5967
853,2020-05-03,11.362471265,10.208927272727273,0.34517241375,26.80252688222222,147.148967,9.276473876923077,0.2339679638888889,5976
854,2020-05-04,14.3791666675,9.742128205,0.40491666675,21.15969758125,138.301402,10.532385413333335,-0.045510187363636365,5978
855,2020-05-05,16.4454583325,13.255793939090909,0.4435,34.02496807111111,126.43688802611234,7.934433466666667,0.16818065025,5990
856,2020-05-06,15.220071684444443,10.839172493636363,0.442734375,32.53596475555556,137.1954565,12.725197360000001,0.21687991249999997,5997
857,2020-05-07,16.954386573333334,10.407972028181819,0.37975806450000005,26.801099536666666,126.93830515839944,8.87561865,-0.075433907,6000
858,2020-05-08,16.240219906666667,11.245555556363636,0.48318181825,40.42596064777778,130.617991,12.901904923076925,0.11357206975,6011
859,2020-05-09,14.306555555555557,11.359487179363636,0.52719696975,45.79390740666666,139.34914,11.234851800000001,0.073707182,6013
860,2020-05-10,12.631706348888889,11.323379953,0.47911290325,38.56092592555555,130.734406,9.982363422222223,0.09482822499999999,6025
861,2020-05-11,14.298506572222221,11.060104895454545,0.4971875,31.057534722222222,145.519152,9.002698346666667,0.016719665999999998,6028
862,2020-05-12,13.923381122222223,12.351481480909092,0.500967742,35.148264635555556,127.48813691098938,10.4605174,-0.010086587666666669,6037
863,2020-05-13,20.8346212125,13.552586579999998,0.58078125,50.975914352222226,135.041773,12.654167200000002,0.1922912136,6046
864,2020-05-14,19.5577651525,14.579040403636363,0.651328125,50.08684027777778,125.76964336708689,9.37385296,0.0954531105,6048
865,2020-05-15,17.26700367625,13.389915824818182,0.6356060605000001,35.75724747444445,127.26585899818028,12.19655350769231,0.10736790963636364,6061
866,2020-05-16,19.51928308875,14.681329966090908,0.492121212,45.188324916666666,128.75930988042887,11.5525248,0.125586898625,6067
867,2020-05-17,21.68104166625,18.106583333,0.54924242425,56.92377314888889,137.719326,13.4400072,-0.009694276230769235,6069
868,2020-05-18,22.7830085775,18.9707261907,0.6030303029999999,59.044175079999995,131.61677364113513,13.76506546666667,-0.015358496666666666,6081
869,2020-05-19,23.6393198525,20.1184523803,0.697878788,60.89067339666667,129.1380991144323,10.609163938461538,0.05789198455555555,6088
870,2020-05-20,18.28017156875,15.931870370299999,0.62136363625,44.539831649999996,128.6518339451449,11.631049266666666,0.026449950899999998,6090
871,2020-05-21,19.149044117499997,18.2155,0.6356060605,39.74691919111112,130.52716169883666,11.95199346666667,-0.07528825849999998,6102
872,2020-05-22,25.72044117625,23.970407407,0.7343939395,60.71811448222221,132.5760280720228,13.554387846153848,0.12171454769230769,6104
873,2020-05-23,19.893011904999998,20.7169814817,0.63514705875,58.86438997777778,131.5653601787573,12.721114000000002,0.0544845786,6116
874,2020-05-24,15.667107843750001,19.9907037033,0.44053030299999996,49.660656565555556,134.775573120754,14.482160615384617,-0.02594011233333333,6118
875,2020-05-25,16.52916666625,22.041296296299997,0.4815151515,47.112912457777774,133.26178696181162,10.991962066666668,0.0565904223,6128
876,2020-05-26,18.528179012222225,28.457018518300004,0.5414285715,45.703126984444445,138.02804338467004,13.62361233846154,0.07169378641666667,6132
877,2020-05-27,14.951944444444443,23.514129629299998,0.4839285715,34.77963492111111,134.343281,12.827348461538463,-0.015077723999999999,6142
878,2020-05-28,10.399135802222222,11.957416667,0.5529999999999999,30.145312169999997,127.10118522054937,10.070135400000002,-0.1211337964,6151
879,2020-05-29,11.555555555555555,11.5261091953,0.5064285715,24.666968254444445,134.808943,11.063377854545456,0.1324391202,6156
880,2020-05-30,12.150524692222223,11.9077126434,0.53321428575,23.96040740666667,129.65210260382125,12.780117800000003,-0.3099792,6160
881,2020-05-31,12.044722222222223,11.2323690477,0.52671428575,17.944847495555557,135.2163965,10.945873866666666,0.06169007466666667,6172
882,2020-06-01,15.103055555555557,14.8146954027,0.55421428575,26.462380952222222,129.57087755988294,12.665119244444446,0.092215856,6177
883,2020-06-02,17.364598765555556,12.988114943,0.54085714275,31.213100530000002,114.552677,14.770079000000003,0.11173306472727272,6182
884,2020-06-03,17.43626543222222,14.8087666673,0.59071428575,44.153947088888884,130.34241290850088,15.486441720000002,0.10558725633333334,6191
885,2020-06-04,19.876080246666664,15.389424242454544,0.5715714285,39.518835977777776,125.844963,13.656395200000002,0.069999993,6200
886,2020-06-05,15.168055555222221,13.1677873567,0.5510714285,26.865285714444443,127.80293169614758,11.491209644444446,0.11830771479999999,6207
887,2020-06-06,13.436666666666666,13.0750747123,0.54335714275,22.229708995555555,127.19917518379326,10.284326933333334,0.13722479799999998,6209
888,2020-06-07,14.723950617777778,13.168689655,0.5559285715,27.140867724444448,128.09855732677295,12.0037483,0.10918805142857144,6221
889,2020-06-08,17.24660493777778,15.410781609,0.65371428575,36.084666666666664,126.83955990809412,9.662378171428571,0.09115330816666668,6228
890,2020-06-09,18.756080247777778,15.4058160923,0.6397857142500001,43.945089947777774,129.33123922391263,13.373690923076925,-0.014095464749999995,6230
891,2020-06-10,18.54185185111111,15.8231034484,0.6087857142499999,40.98240211555556,129.45473540310192,12.873689160000001,0.0490604843,6243
892,2020-06-11,16.742015873333333,15.612797619600002,0.600882353,42.937331155555555,131.083652,14.14191676923077,0.19741937211111113,6249
893,2020-06-12,14.955555556666667,13.9988850576,0.60614285725,39.38210581888889,129.06067598300456,13.707733661538462,0.0371150339,6251
894,2020-06-13,13.556015873333333,12.3454880956,0.52654411775,33.883529412222224,126.90847085307618,10.39336782857143,0.08047504116666666,6263
895,2020-06-14,13.00570806,13.547318007444444,0.60441176475,41.0022426475,127.15078589222666,10.731457360000002,0.006769475090909089,6270
896,2020-06-15,15.74887830777778,13.728402299399999,0.57066176475,31.84412854,125.62202119713209,7.491098133333334,0.05990480464427647,6272
897,2020-06-16,18.213734567777777,12.5122,0.57914285725,28.376402116666668,130.33262380778623,15.696029760000002,-0.11599585016666668,6284
898,2020-06-17,16.833117284444445,9.9344666663,0.583,26.770894180000003,126.66438417614988,13.130179022222224,0.05973938742857143,6286
899,2020-06-18,16.012253086666664,10.844528736000001,0.59414285725,32.367621693333334,128.53782251300376,15.969261440000002,0.101994534625,6298
900,2020-06-19,12.691234566666667,10.513344828300001,0.51535714275,33.693978836666666,128.19015952875213,13.32294301818182,-0.0609133159,6300
901,2020-06-20,18.778641975555555,10.340172414,0.51764285725,29.25069841222222,106.461812,12.519171236363638,0.13115511262500001,6313
902,2020-06-21,16.75287037111111,10.113900000700001,0.45435714275,29.19168845333333,126.18687580944683,10.06632525428483,0.060574790790074884,6319
903,2020-06-22,17.48117284,8.824433333,0.5299285715,28.344724867777778,120.30798241801689,2.8057026,0.059488667199514816,6321
904,2020-06-23,13.839444444444446,10.3036333337,0.51610294125,24.50578306888889,112.22437,9.556228,0.05203712516666666,6333
905,2020-06-24,13.728765433333333,9.7214999997,0.5175735295,25.022179893333334,125.26582297278645,10.562090666666668,0.21070941033333335,6335
906,2020-06-25,15.916851851111112,10.3276500003,0.56521428575,30.47578836,127.36458457542165,13.7163625,0.06109831479531254,6347
907,2020-06-26,15.562283951111112,9.261633333999999,0.5235714284999999,32.637798941111114,125.24226519238023,11.518696080000002,0.2164206538888889,6349
908,2020-06-27,16.826728394444444,9.110800000000001,0.4949285715,32.05477124222222,127.33424853260375,13.05793650909091,-0.06727313359999999,6359
909,2020-06-28,15.898931216666666,11.5261724137,0.505,39.52390572444445,122.585334,12.15563050909091,-0.03714339190909091,6364
910,2020-06-29,15.809475308888889,9.9958333333,0.50078571425,30.60905228777778,120.955519,8.157635840000001,-0.171457626,6373
911,2020-06-30,14.050740741111111,9.1161333331,0.51,33.40112745111111,129.570253,12.149521933333334,0.106528688625,6382
912,2020-07-01,15.299999999999999,10.1091000003,0.54566176475,39.11401416222222,123.4861756781885,11.303750666666668,0.720000029,6384
913,2020-07-02,15.04611111111111,9.3751666664,0.5099264705000001,46.09123093666667,125.85586766789717,12.079026633333335,0.10770589766666666,6394
914,2020-07-03,13.62441358111111,9.4286333336,0.55314285725,44.348137566666665,126.7741391759169,14.777978133333335,0.21350186816666664,6404
915,2020-07-04,13.342839506666667,9.357399999699998,0.48779411775000003,37.808412697777776,126.82665500165119,12.549099640000001,0.04277562575,6405
916,2020-07-05,13.119012345555555,9.8569,0.392867647,20.82708994777778,126.46325940085528,9.909478433333334,0.1755505997,6415
917,2020-07-06,15.524814814444445,8.6302333336,0.5542142857500001,25.837026454444445,124.59412055051794,10.028521600000001,-0.002692202599999993,6425
918,2020-07-07,12.610000000000001,7.6476,0.45014285725000003,18.869661374444448,120.839104,9.341712480000002,0.05910762666666667,6426
919,2020-07-08,15.264043209999999,7.4734666667,0.43078571425,18.68364021111111,121.65616542270575,4.271566800000001,0.06289967647773109,6433
920,2020-07-09,16.048449735555558,7.745166666299999,0.4254285715,25.038693122222224,125.21183303009201,10.644622666666669,0.146702487,6446
921,2020-07-10,13.99462963,7.9221,0.43378571425,27.05142857111111,126.47165604951635,13.654822266666669,0.309411287,6452
922,2020-07-11,14.758611111111113,7.8743103450000005,0.43085714275,19.906507936666667,125.80735801842383,11.028222880000001,0.094691494,6454
923,2020-07-12,12.833905724444444,8.244035714,0.435514706,17.76685185222222,123.99638152142485,7.577154088888889,0.103961748625,6466
924,2020-07-13,13.99718254,10.767100000300001,0.4315,24.017767195555553,126.69076653707229,10.608281784615384,0.24578886188888888,6473
925,2020-07-14,15.466512345555556,9.0877333334,0.5027857142500001,31.35852941222222,125.57128198050259,11.22733556,0.11271313075,6476
926,2020-07-15,15.659492063333333,8.187862069,0.47169117650000003,27.73644880111111,130.734406,6.201088297777779,0.08124999975,6486
927,2020-07-16,15.071880952222223,7.651258620999999,0.46110294125,24.74061002222222,105.472282,8.399641257142857,0.07900315316666666,6495
928,2020-07-17,15.798981481111111,8.9594712647,0.46671428575,28.459497354444448,124.16908389703825,7.468690100000001,-0.028269010333333334,6501
929,2020-07-18,14.36626488,8.075724138,0.440514706,27.78355119777778,124.56707997308631,9.001678133333334,0.05905540533904992,6503
930,2020-07-19,15.0889940475,7.7131609195,0.49308823524999995,28.209379084444446,125.65733131741807,12.180604600000002,0.066453725,6516
931,2020-07-20,20.32781746,8.1961785714,0.505,20.15100217888889,127.32870601412397,14.932386450000001,0.11990000533333334,6522
932,2020-07-21,16.850005291111113,8.3670185186,0.53530303025,17.37983660111111,123.01319651239223,8.1233766,0.180000007,6524
933,2020-07-22,17.629026455555554,11.069511904399999,0.56924242425,22.5033823525,124.42102067996821,9.696156400000001,0.37240929149999996,6536
934,2020-07-23,18.66803703777778,6.858187830333334,0.551328125,29.59297794125,105.297659,9.884742333333334,0.1306131044,6543
935,2020-07-24,15.115851851111112,7.744626436,0.53477272725,26.38560049125,118.02766350676926,-0.0368949999999999,0.05825966683365516,6545
936,2020-07-25,12.810412699222221,6.3360689655,0.53083333325,19.3715318625,94.3837222,9.200968577777779,0.11381682125,6557
937,2020-07-26,14.417096950000001,6.669999999700001,0.59,28.746498316666663,122.75749703231969,8.777652320000001,-0.14407820075,6559
938,2020-07-27,15.424142856666666,7.093535714300001,0.546590909,33.80984749555555,124.8730219944224,11.63245676,-0.10572548966666669,6571
939,2020-07-28,13.365121693333334,8.1234195399,0.51136363625,22.747799564444442,125.1947159339697,10.339064177777779,-0.045655065625000005,6573
940,2020-07-29,13.793174603666666,7.8892758617,0.473014706,20.774771242222222,125.93993316518754,11.906870960000001,0.08928646133333333,6585
941,2020-07-30,15.095439153000001,7.0553448276,0.472867647,17.84519607888889,140.047632,9.1631576,0.05567889060319013,6592
942,2020-07-31,12.988346405888889,6.496214285700001,0.58904411775,26.198224401111112,121.86611653642603,9.118934628571429,0.170000002,6594
943,2020-08-01,12.821396825222221,6.1349568966,0.634485294,24.40977124222222,120.87182148070015,8.238083090909093,0.1236472715,6606
944,2020-08-02,16.77367989333333,7.014086206900001,0.553014706,25.54745098,120.56792748042878,5.8490748,0.150029356,6608
945,2020-08-03,15.04521164,7.3431666667,0.5216911765,29.243180828888885,123.80914840616519,10.249921680000002,0.11141021266666666,6620
946,2020-08-04,14.546349206666669,7.1783793102999995,0.5074264705,24.341525054444446,123.35204409880278,9.606153280000001,0.182627675125,6622
947,2020-08-05,13.974571428888888,7.738706897,0.6,23.990860566666665,122.68866014770077,9.011615927272727,0.10680815355555556,6634
948,2020-08-06,12.48365873,8.305448276,0.51404411775,14.390424836666666,123.8497004902663,7.697539366666668,-0.023796686166666664,6641
949,2020-08-07,12.498021164444445,7.459810345299999,0.5024264705,17.169749454444442,123.4862320110792,7.76542862857143,-0.039978232600000004,6643
950,2020-08-08,14.778857143333333,7.374448276,0.5670588235,31.03524509777778,122.47041997563697,9.016856,0.147269461,6655
951,2020-08-09,13.058119047777776,6.2801551724,0.493014706,27.603681917777777,121.17421315752783,5.948959200000001,0.05736405435095035,6657
952,2020-08-10,12.198719576666667,6.3374425288,0.5184558822499999,26.15851851888889,122.41073178938892,7.973512400000001,0.003024779499999998,6669
953,2020-08-11,13.32803174588889,6.8636551724,0.5269852939999999,37.674200336666665,124.47825059101889,11.803537700000001,0.043474406,6672
954,2020-08-12,12.13962963,7.0731034483,0.45941176475,18.526540403333332,125.87927074706221,11.5880662,-0.02,6684
955,2020-08-13,12.906246032222223,7.0712758621,0.52095588225,15.450925925555557,123.24795231503676,8.271718000000002,0.00215886,6690
956,2020-08-14,13.191910052222221,7.232689655,0.53352941175,16.487037036666667,122.71132544663341,8.387484222222222,0.1568028094,6692
957,2020-08-15,11.5839678025,6.0138271605555556,0.5133333333333333,22.4359677425,122.59873858733444,8.283193520000001,-0.008173798666666668,6705
958,2020-08-16,18.042566287125,7.077942386888889,0.676875,16.3900833325,119.65686990953765,3.7528860800000006,-0.24116367100000002,6711
959,2020-08-17,15.0999652775,6.592248677333333,0.6745714286666668,18.47215686222222,121.57298427244044,8.547156800000002,-0.038333335499999996,6713
960,2020-08-18,15.4596190475,6.482671957666667,0.6450980393333333,22.675993266666666,121.57470105209381,8.836620400000001,0.044829555,6725
961,2020-08-19,15.6559027775,6.904725415111112,0.6381904763333334,18.42869312222222,123.90122498513786,12.143866266666668,0.06504451033333333,6732
962,2020-08-20,13.851666666625,6.766277139666666,0.5598095236666667,13.79605291,121.45486807161784,6.5906032,0.06587483457531867,6734
963,2020-08-21,12.001191358111111,7.7608390807,0.43635714275000004,11.225413943333333,123.6988782053868,7.769120888888889,0.1875064715,6746
964,2020-08-22,10.315030863333334,7.5040000000000004,0.3925714285,13.109912853666666,124.94955138366636,8.308478266666667,0.00597579211111111,6748
965,2020-08-23,9.925363636666667,6.8442857143,0.3728125,14.894421296666666,123.94025492900128,8.120163366666668,0.1958484531666667,6760
966,2020-08-24,11.956571428888887,6.9727816093,0.4336764705,14.747614378888889,123.50297789009046,7.803264727272728,0.097337223,6762
967,2020-08-25,12.513419753666666,7.6640431034,0.46428571425,17.252047618888888,123.43727813225634,7.439108300000001,0.0629999935,6775
968,2020-08-26,13.492975308888889,7.1713390805,0.48364285725,18.12098412666667,122.7485349402992,6.964690300000001,0.023788826,6776
969,2020-08-27,14.231981481111111,7.492770115000001,0.46564285725000004,15.601306877777777,123.31682706140296,8.23591575,0.196805403,6786
970,2020-08-28,14.7447847225,7.6597873564,0.54085714275,19.197566137777777,122.542860646754,7.435557920000001,0.06385697822189607,6795
971,2020-08-29,14.15315432111111,9.038595147,0.54021428575,25.150654761250003,123.73846629577928,8.22397916,0.060630394399999996,6800
972,2020-08-30,13.096309525,7.4125446425,0.5595238096666667,23.09852272625,122.16732178468169,6.619310956666667,-0.0778394568,6809
973,2020-08-31,13.071753086666668,7.2732643679,0.48528571425,17.169551198555556,123.60352755322184,8.7557193,0.10781041557142856,6811
974,2020-09-01,15.78768254,7.8493452373,0.50852941175,18.849929193333335,122.15535389064202,5.871522,0.027878774249999995,6823
975,2020-09-02,15.933539682222223,8.533202380999999,0.500367647,20.83648989888889,123.43608212342073,7.552069040000001,0.075486473,6830
976,2020-09-03,14.82847222125,8.4015770117,0.52235714275,29.423989417777776,103.842467,8.757018066666667,0.05831425466666667,6832
977,2020-09-04,28.640808641111114,8.784872414,0.59271428575,29.803865078888887,101.863407,8.360329450000002,0.2549791915,6844
978,2020-09-05,17.020142857499998,8.8145333333,0.559632353,33.42111784555556,126.87270569534007,14.252898311111112,0.018857033000000002,6846
979,2020-09-06,16.625547618571428,7.374351851888889,0.555959596,25.655527232222223,123.10620134224061,9.54551541818182,0.10997404200000001,6858
980,2020-09-07,18.428506945,9.789978571,0.5266911765,27.68285403,124.41295378424574,8.9162572,0.10233950611111112,6860
981,2020-09-08,15.671440476250002,8.6325586207,0.52969696975,30.06681481444444,124.97926067226676,10.445408466666668,-0.0005567967142857162,6870
982,2020-09-09,15.72122222125,8.6614666663,0.5749285715,34.62463492111111,124.14633423024667,9.71461262857143,-0.044923108636363625,6874
983,2020-09-10,17.38075,8.6778,0.55764285725,35.90144973666666,120.22126949574678,4.639682080000001,0.239999995,6884
984,2020-09-11,18.43571527875,9.4515,0.54221428575,37.61316402111111,125.92896023810917,11.349771927272728,-0.08677829799999999,6893
985,2020-09-12,17.2704722225,10.466533333,0.56728571425,43.88254030555556,124.32673692209676,9.086871900000002,0.05346016901469525,6898
986,2020-09-13,15.23656944375,9.302033333,0.5145714285,46.62593650777777,128.522515,10.778510000000002,-0.17888131624999998,6902
987,2020-09-14,16.81434722125,9.360966666,0.5790000000000001,49.90476190444444,125.50224002780772,11.98908712,-0.0493328506,6914
988,2020-09-15,20.4854375,9.498166667000001,0.58921428575,53.39992592555555,113.737769,10.413897965714286,0.09167570600000001,6919
989,2020-09-16,16.77892857125,9.5890919537,0.6041428572499999,49.10938624333333,125.20959735681122,11.323048866666667,-0.10685144819999999,6924
990,2020-09-17,14.858728395555557,9.421566666,0.5295714285,41.01606349222222,123.194241827263,7.372984000000001,0.05276060394927738,6933
991,2020-09-18,15.824925926666667,9.5433,0.5060714285,39.426084655555556,124.80841401056323,9.765262066666667,0.0918355919,6942
992,2020-09-19,17.19149382666667,9.425533333999999,0.5515,45.61947619,123.06912469850496,7.602666733333334,0.014182629,6949
993,2020-09-20,16.30306790111111,8.968733334,0.51535714275,45.15358201111111,124.04256498316381,9.73483956923077,0.1358609567,6951
994,2020-09-21,15.047314814444443,9.420566667,0.5705,41.351767196666664,124.72196568988485,11.4038309,0.181374414,6963
995,2020-09-22,14.692518517777778,9.602066666999999,0.55628571425,28.87673015888889,124.49190890546527,9.397111066666668,0.0662609718,6970
996,2020-09-23,13.813506173333332,9.218300000000001,0.54435714275,25.74520634888889,126.38540535156491,12.265794920000001,0.01207166875,6972
997,2020-09-24,15.350753085555555,11.1304,0.57185714275,29.128502645555557,125.71053301062754,10.165421580991872,0.06094000409833991,6984
998,2020-09-25,19.581185184444443,10.2225,0.61235714275,39.41830687777778,118.394382,11.259853236363638,0.1109723011,6986
999,2020-09-26,22.13274074,11.474599999999999,0.5740000000000001,48.98498412666666,125.36551788813969,10.361951775796935,0.05389792247794106,6998
1000,2020-09-27,18.371809523333333,9.7914666667,0.471,35.23579894111111,132.829882,8.978370953846156,-0.11470058290909092,7000
1001,2020-09-28,19.601907407777777,10.363666667,0.5749285715,49.47087830666666,124.66392715416688,11.421852266666667,0.25756681,7010
1002,2020-09-29,19.552376543333335,10.587466667,0.5699285715,56.922698412222225,124.20639149742016,9.978751163636364,0.14449792827272726,7015
1003,2020-09-30,19.731030863333334,10.387599999699999,0.5305,51.99574603222223,124.52946328524631,9.38152301818182,0.06257922844444445,7024
1004,2020-10-01,21.866191358888887,11.130866666,0.6104285715,55.00585185222222,123.13331984734187,7.42132632,-0.014127149,7033
1005,2020-10-02,21.584561728888886,11.005733334,0.5729285715,58.63067537999999,152.03841,11.757996836363638,0.1371515643,7035
1006,2020-10-03,22.665089947777776,11.709768966,0.5709285715,58.55806349222222,116.939191,5.1418752,0.05066540989322582,7045
1007,2020-10-04,25.787107142500002,10.74900894,0.670857143,55.37502645111111,118.161552,10.886695323076925,0.14381104966666666,7055
1008,2020-10-05,24.49189583375,11.109851851111111,0.6826666666666666,52.59730158777778,121.36130431807086,6.121975600000001,0.05253292685022061,7056
1009,2020-10-06,28.73651388875,12.038962963333333,0.7963809523333333,56.22826455111111,125.67034,9.90623193846154,0.0018553601111111053,7069
1010,2020-10-07,31.77470238,13.353666666666665,0.763047619,71.07451851111111,112.457201,11.9378966,0.27950615599999995,7070
1011,2020-10-08,32.57126470625,12.353685185555555,0.7382857143333333,69.96671957666666,116.6772565,8.2157598,0.078533152625,7080
1012,2020-10-09,33.930869047499996,14.990740741111113,0.7438095236666666,73.13281481111112,97.323209,13.071911745454548,0.23521757425,7089
1013,2020-10-10,30.39621428625,13.519962963333334,0.7360000000000001,72.20425396777779,122.45345181511665,7.8301248,0.11017897260000001,7091
1014,2020-10-11,33.5138571425,11.452851851111111,0.713904762,73.78575661777778,123.95675274419114,11.763134933333333,0.022717137583333335,7101
1015,2020-10-12,38.311630952499996,12.868333333333332,0.9176190476666667,87.44080174444444,120.21375787295473,8.629895600000001,0.0785586925,7106
1016,2020-10-13,34.226944445,11.20462963,0.9780000000000001,81.78096732222222,119.97000999834748,10.672539100000002,0.10717600919999999,7115
1017,2020-10-14,32.83832440375,12.313814814444445,0.9181904763333333,86.12789761111111,96.3336788,7.761944720000001,0.080832357,7124
1018,2020-10-15,37.8274434525,12.473074073333333,0.7502857143333334,98.77197883333334,107.975211,11.081668545454546,-0.0016287584999999925,7126
1019,2020-10-16,43.40778869125,10.994962963333332,0.8042857143333334,86.3295344,122.92140070133367,13.104623033333334,0.039194523909090916,7136
1020,2020-10-17,49.61437499125,11.970666666666666,0.9198095236666667,84.31035294444445,99.2440619,5.756368866666667,0.03737871740000001,7146
1021,2020-10-18,44.31317262,10.483444444444444,0.7390476189999999,80.99477247777777,114.843715,12.665689890909091,-0.039167887199999994,7147
1022,2020-10-19,43.66579861125,11.50762963,0.7635238096666667,88.32865607777778,143.074431,7.372451333333333,-0.25423334625000005,7157
1023,2020-10-20,47.24576389,11.833222222222222,1.004095238,84.86590476666667,113.50493850000001,10.837996092307693,-0.01578832153846154,7167
1024,2020-10-21,56.8176388925,12.913629629999999,1.2158095236666668,96.21591285555556,106.75285,6.4999308000000005,0.05388406423455194,7173
1025,2020-10-22,57.29614582875,14.331925925555558,1.2975238096666668,91.7502963,136.205927,11.093733938461538,-0.011689140125000008,7175
1026,2020-10-23,51.571666666249996,12.849666666666668,1.414,100.91359042222223,121.82976662808497,20.662550914285713,0.029055071000000002,7188
1027,2020-10-24,49.18649305125,11.905111111111111,1.4517142856666665,109.43784748888889,118.36527824999999,8.158996333333334,-0.06757066475000001,7194
1028,2020-10-25,52.7477777775,12.88714814777778,1.4177142856666667,117.93203704444444,111.42886566666668,12.668186360000002,0.1746665626,7196
1029,2020-10-26,46.7113541625,12.392037037777776,1.104,100.82723964444443,126.194209,6.862175466666668,-0.0633670988,7208
1030,2020-10-27,43.05954861125,11.129074073333335,0.970095238,99.79728975555557,112.41839586666667,9.507788233333335,-0.059203328833333325,7210
1031,2020-10-28,55.780798611250006,11.450037036666666,1.277238095333333,113.96003704444443,113.5340425,7.173689900000001,-0.07955835875,7222
1032,2020-10-29,54.21583333375,14.071296296666667,1.5437142856666668,114.33540087777777,104.3275309,11.157880984615387,-0.14069996661538461,7225
1033,2020-10-30,49.332638885,11.871888888888888,1.120857143,110.55095424444444,96.1881598,9.193459440000002,0.27416622525,7237
1034,2020-10-31,44.041111111250004,11.488111111111111,1.0097142856666668,129.3951851888889,133.411959,9.29329496,-0.2839533714,7243
1035,2020-11-01,46.29204860625,13.795666666333334,1.0253333333333334,133.52080423333334,113.621354,15.950475644444445,-0.22872603444444442,7245
1036,2020-11-02,50.31399305125,13.750296295555556,1.228095238,125.83880827777777,124.0405255,8.0352516,0.06338458833333334,7258
1037,2020-11-03,56.0888541625,15.154407407777777,1.3547619046666666,108.00691004444444,115.6586222,15.501112727272728,0.2849343771,7264
1038,2020-11-04,56.050763885,14.945592592222223,1.3530476189999998,169.82621133333333,104.16260925,6.62013048,-0.11683221650000002,7266
1039,2020-11-05,53.090625,14.416962962222222,1.2733333333333334,157.17026797777777,100.75746105,10.945494492307695,-0.19258500346153845,7278
1040,2020-11-06,52.15485416625,14.28751851888889,1.253047619,139.2951111111111,97.61424735,4.743534533333334,0.1791345523333333,7285
1041,2020-11-07,49.9821875,14.233,1.3182857143333333,159.14596296666664,93.80746632,10.488988553846156,0.06334133611111112,7287
1042,2020-11-08,56.0070763925,13.604037036666666,1.6237142856666666,195.70972485555555,101.60147195,15.980917440000002,0.0154201592,7299
1043,2020-11-09,51.41914814444444,14.475,1.4645,204.8494183,89.8144208,6.8886396,0.18292291977777778,7301
1044,2020-11-10,47.22879629222222,14.195533334,1.3639285715,169.53590476666668,94.54864393333334,14.681176363636364,0.0748326056923077,7313
1045,2020-11-11,41.40085802555556,12.157593103,1.3568382352500001,104.93274726666667,85.5652615,6.165213720000001,0.10880332933333332,7315
1046,2020-11-12,45.88162963333333,11.432599999999999,1.2690000000000001,110.89281481111112,104.96296455,16.107800833333336,-0.006875091800000005,7328
1047,2020-11-13,47.155237819999996,11.4845125,1.12722972975,125.15830229999999,109.9251675,5.6969405,-0.14784141525,7329
1048,2020-11-14,49.04300195333333,16.500020833,1.3791216215,202.24993793333334,109.721440625,9.899527280000001,-0.2338198168,7339
1049,2020-11-15,39.02435964875,15.017291666666669,1.032072072,161.29085885555554,96.5956132,5.461851200000001,0.13807273166666667,7348
1050,2020-11-16,34.97875048666666,9.7423583333,0.58925675675,54.20964164222222,105.04542526666667,8.52258755,-0.67547345,7350
1051,2020-11-17,34.76531968888889,9.481364583,0.67817567575,49.73168568555556,101.63057574999999,11.3809184,0.1425886688181818,7358
1052,2020-11-18,39.54644834333333,10.094469697272727,0.7823648647500001,72.43659459666667,99.53510005000001,6.624371760000001,-0.004748935750000002,7370
1053,2020-11-19,39.96071930111111,9.480037878181818,0.806554054,88.39369768888889,128.8135535,12.680147090909093,0.09257702109999999,7376
1054,2020-11-20,39.23208187111111,9.587210417,0.693445946,91.68913314444444,104.1044014,7.595598560000001,0.05813975166666666,7378
1055,2020-11-21,37.28632748555555,10.3680625,0.64682432425,73.08165765555556,109.1781692,11.618496892307693,0.17674342492307693,7390
1056,2020-11-22,44.16028628222222,11.008630108,0.778611111,86.96009258888888,100.4664225,6.496283600000001,1.15999997,7392
1057,2020-11-23,58.37810915777777,13.289697916,1.083108108,117.8789129111111,108.8599674,14.979272866666669,0.27904536771428573,7404
1058,2020-11-24,59.777834312222225,13.41555625,1.1189864865,148.7714004,108.9647415,12.498556466666669,-0.07,7407
1059,2020-11-25,48.8155341088889,12.81823125,0.9463513512499999,152.70212612222224,116.15338750000001,11.263574171428573,-0.32559931275,7417
1060,2020-11-26,34.52507212444445,12.996429166999999,0.5941216215,77.33537737444445,127.24194666666666,14.41472516,0.16164844745454546,7426
1061,2020-11-27,36.15034697777778,11.401583333000001,0.61520270275,81.45436636666666,138.301402,9.0598657,-0.13779557233333334,7432
1062,2020-11-28,42.235121828888886,9.389895833,0.72479729725,91.64607107777778,113.06838125,12.820423433333334,0.21093930158333332,7434
1063,2020-11-29,50.00734697444445,11.216939583,0.9355405404999999,107.93634834444444,103.784259,5.683456200000001,0.13468389975,7447
1064,2020-11-30,56.01573294,11.444695833,1.0729054055,127.09516516666667,105.705112,12.773710615384617,0.16435371630769233,7453
1065,2020-12-01,59.462740736666674,11.425941667,1.16216216225,139.89806005555556,106.34539649999999,10.28960096,-0.09122022,7455
1066,2020-12-02,55.638555555555556,10.226162500000001,1.04,141.82744744444443,104.92900999999999,13.05109724,0.130284145,7467
1067,2020-12-03,60.793734888888885,11.967630107,1.170608108,152.52835836666665,129.1627995,20.59569766666667,0.00022012772727272615,7474
1068,2020-12-04,54.988814814444446,10.860552083,1.21878378375,182.19783984444445,119.616743,8.994382480000002,-0.13138698266666665,7476
1069,2020-12-05,44.76878947333333,10.07240625,0.8039864864999999,150.26357156666666,118.4758732,14.07108730909091,-0.017724442181818182,7488
1070,2020-12-06,47.99686159777778,10.91920625,0.7788194445000001,142.0528298222222,107.0632911,8.351975200000002,-0.08095260466666666,7490
1071,2020-12-07,45.027051656666664,8.798025462555556,1.0015540539999999,161.7512973,120.95551945,12.111416984615385,0.22093485554545456,7502
1072,2020-12-08,42.97440740333334,11.038604166999999,0.99236486475,133.8073153111111,119.6167435,6.749538400000001,-0.042487862499999994,7504
1073,2020-12-09,39.33057057111111,11.498016666,0.9452702702500001,117.20035634444444,129.73323453999998,13.891056800000001,0.24744168766666666,7517
1074,2020-12-10,35.49521832333333,10.607460415999999,0.7275675675,86.38295495555556,127.824023,14.860689360000004,0.18351239879999998,7523
1075,2020-12-11,38.732651072222225,11.6420125,0.8387837837500001,110.94855855555555,139.756594,8.286413333333334,-0.5426371395,7525
1076,2020-12-12,32.58418128666667,9.229575,0.65425675675,126.15340741111112,141.40581133333333,11.299318880000001,0.17474497625,7538
1077,2020-12-13,23.050732943333333,8.150204167,0.44540540549999996,78.69387586666667,154.133886,7.558035533333334,-0.040424858333333334,7544
1078,2020-12-14,20.861563564444445,9.550564583,0.37527027025000004,67.15496195777777,121.65401125,10.717849450000001,0.04089945914285714,7546
1079,2020-12-15,27.621179337777775,11.49719375,0.44202702699999996,89.32066465555555,118.21975909999999,6.028113466666667,-0.0029639070000000065,7558
1080,2020-12-16,27.061384015555557,9.932283332999999,0.515,84.24294094444446,134.2385078,10.590518355555556,-0.1615072782,7565
1081,2020-12-17,26.986621832222223,9.0914916663,0.6074999999999999,84.73972573333334,113.41762700000001,11.00447848,-0.05150019533333333,7567
1082,2020-12-18,32.75732163777778,9.94740625,0.7962162162499999,92.88113113333333,114.61088433333333,10.887061200000002,0.31528146450000005,7579
1083,2020-12-19,41.75062183222222,11.783870833,0.83486486475,105.62603804444444,123.225618,12.642926366666666,-0.13999010663636363,7581
1084,2020-12-20,47.69014619888889,12.249968749999999,0.83533783775,141.26097697777777,114.58178050000001,6.397614933333334,-0.020537606500000003,7593
1085,2020-12-21,51.589011695555556,13.753191667000001,1.059527027,159.82317917777777,115.16385724999999,18.190758654545455,0.0836036790909091,7595
1086,2020-12-22,51.132399398888886,14.051372916,1.437027027,199.52809209999998,106.22898116666666,6.924566400000001,-0.100733836,7607
1087,2020-12-23,52.994063063333336,13.256220833,1.47486486475,191.8698958888889,116.1388355,14.558695415384618,0.05510033884615384,7614
1088,2020-12-24,55.243898638888886,12.276683334000001,1.158445946,165.36471604444444,110.216206,7.514754800000001,-0.011136351249999999,7616
1089,2020-12-25,47.18416959111111,10.096227083,0.965945946,145.0217860375,111.036934,11.417292061538463,-0.05618308599999999,7629
1090,2020-12-26,50.67214229666667,11.0939,0.935945946,141.027121625,118.30707100000001,16.21731052,0.008938757600000003,7635
1091,2020-12-27,48.27808308666667,11.71513125,0.82074324325,151.270977475,114.698196,8.1358692,-0.1450519461111111,7637
1092,2020-12-28,39.06524561444444,11.823435417,0.59371621625,104.15540991124999,116.66755500000001,12.724308290909091,-0.0169759567,7649
1093,2020-12-29,43.45276023444444,10.936372916,0.6075675675,111.6470608125,108.295353,7.512956266666667,-0.23545417175,7656
1094,2020-12-30,46.44065887333333,9.705422917,0.69216216225,119.7432612625,118.3216225,13.786014933333334,0.3488352788571429,7658
1095,2020-12-31,56.13224951666666,11.270795833,0.8536486487499999,142.15388965,106.083462,6.0645933,0.177439039,7670
1096,2021-01-01,67.61067836222223,11.552795833000001,1.2944594594999999,223.10250192857143,111.1184245,10.270947600000001,0.16612901499999996,7672
1097,2021-01-02,61.57494152,12.681514582999998,1.0232432432499998,180.20700128571428,126.6016625,5.2301318000000006,0.2348793595,7684
1098,2021-01-03,49.97184795333333,11.8803687497,0.7474324325,114.21428314285716,132.20900033333334,11.977342133333332,0.029117136471217747,7686
1099,2021-01-04,59.18939181333334,11.95539375,0.7649324325,84.52678153125,138.0685715,9.217989366666668,-0.01339506625,7699
1100,2021-01-05,43.14522222222222,12.226447917,0.628445946,77.31826576625,124.5643945,5.386356666666667,0.2973994836666667,7700
1101,2021-01-06,43.628561403333336,11.5862895837,0.6460135135,86.6137847125,132.65525925,14.780400200000003,0.23511592879999998,7710
1102,2021-01-07,38.63001169555556,10.7310354163,0.5625,71.98848148111112,132.59705166666666,7.120688000000001,0.006203436800000006,7719
1103,2021-01-08,38.22839960666667,12.686906250300002,0.5881756757500001,81.4066358,129.04638425,10.379842327272728,0.04879406681818181,7724
1104,2021-01-09,34.573781679999996,12.227883334000001,0.5435135135,84.94343210000001,165.076926,6.2616282666666665,0.08627668033333331,7733
1105,2021-01-10,41.30492982444444,11.6089604167,0.4669594595,68.32192592999999,141.4911822,8.9490256,-0.2616529704,7735
1106,2021-01-11,42.446274853333335,10.447854166700001,0.5525,67.0850130188889,116.8809835,11.959693111111113,-0.070832379,7747
1107,2021-01-12,38.66270565666667,10.559960416600001,0.7524324325,91.12886085555556,116.64815233333333,7.704428000000002,-0.027189835333333332,7754
1108,2021-01-13,56.435058479999995,13.733379167,0.899527027,119.18048648888887,138.61184333333333,18.185703163636365,-0.0055639544999999905,7756
1109,2021-01-14,64.58721052666667,12.424347915999999,1.1855555555000001,161.8964104,135.391019,7.281268200000001,-0.16666666899999996,7768
1110,2021-01-15,60.17708381666667,13.149364582999999,1.29621621625,173.57835735555557,155.1234165,14.658177640000002,-0.31047173866666666,7770
1111,2021-01-16,38.95668421,10.838008333000001,0.9285416667499999,133.8811982,158.208422,5.7416328000000005,0.073694423,7782
1112,2021-01-17,29.425356725555552,9.396351613,0.7971527777499999,112.74474174444444,137.54470275,10.5339314,-0.027844753,7784
1113,2021-01-18,36.775317738888894,10.8442666667,1.045486111,125.51682483333333,142.608769,6.78737904,-0.12986315033333332,7797
1114,2021-01-19,61.79342495111112,10.204108332999999,1.0818055555000001,138.25904705555556,141.59983633333334,10.056771733333335,0.41422072925,7803
1115,2021-01-20,52.26874658888889,9.7431104166,0.85277027025,116.19272272222221,133.353751,17.026654280000002,0.10441631344444444,7805
1116,2021-01-21,35.69385380111111,9.5282333333,0.945608108,109.28870771111112,129.04638450000002,6.401876016,0.059999999,7818
1117,2021-01-22,41.11924424333333,10.9970166667,0.94020270275,127.42096195555557,137.00143133333333,12.163307257142858,-0.20511356460000002,7824
1118,2021-01-23,28.718635477777777,10.9559583333,0.696891892,97.45192892222222,117.986929,6.813972266666667,0.011917431000000006,7826
1119,2021-01-24,30.081432432222226,7.3303623653,0.7922222222499999,131.75120370000002,127.76581575,11.318950914285717,0.4080547616666667,7838
1120,2021-01-25,32.951167642222224,8.781643749999999,0.92168918925,103.16746646666667,147.2653825,3.9585656,-0.04759468633333333,7845
1121,2021-01-26,38.72073245625,8.9895729167,0.95485714275,113.85907407777778,123.1819625,11.681079200000001,-0.20380478642857142,7847
1122,2021-01-27,33.55007007,10.108335484,0.80021428575,105.85411728888889,144.878868,12.16243816,0.0032392717999999987,7859
1123,2021-01-28,46.84055165666666,10.0754645833,1.01635135125,139.45188687777778,125.49571666666668,7.159566400000001,-0.108237082125,7861
1124,2021-01-29,44.54776803111111,8.929818749999999,0.86817567575,120.53907707777778,145.44154233333333,14.252965345454548,0.12028558546153847,7873
1125,2021-01-30,37.072923976666665,9.557770833000001,0.9266216214999999,99.04558758888889,141.793862,7.998052666666667,0.21062957359999998,7875
1126,2021-01-31,57.410320176249996,9.992660417,1.3583783784999999,123.03017717777779,122.265192,15.122544533333334,0.01816809133333333,7888
1127,2021-02-01,56.05027193,10.463147917,1.187027027,140.92092292222222,118.685421,6.5924268,-0.042777252666666675,7894
1128,2021-02-02,55.87072320111111,11.572741666999999,1.2044594595,137.4837017,130.05046625,12.687625415384616,-0.03303558125000001,7896
1129,2021-02-03,42.51469590666667,11.30925625,0.84722972975,117.3348128111111,113.7086655,8.22404496,0.04376377633333334,7909
1130,2021-02-04,36.99020662777778,10.42855,0.80229729725,79.73837237777778,127.08672633333333,13.677526400000001,-0.09293259300000001,7915
1131,2021-02-05,37.105101364444444,11.92554375,0.7549324325,54.94727227222222,148.48774300000002,13.225655866666669,0.07045413690909091,7917
1132,2021-02-06,33.49383235777778,10.780497917,0.73986486475,56.800131131111115,127.125531,7.379752000000001,0.03234312933333333,7929
1133,2021-02-07,36.77248148111111,9.380447312,0.958581081,74.18956173333333,149.12802725,11.944210836363636,0.06272472045454545,7936
1134,2021-02-08,43.312105263333336,9.851186022,1.074527027,98.74059258888889,100.990292,7.4424876000000015,0.2965291645,7938
1135,2021-02-09,50.468300194444446,11.996010417,1.144391892,112.17879078888889,116.560841,14.442278584615385,0.06658264066666665,7950
1136,2021-02-10,49.307617934444444,12.712029167,1.09567567575,123.73068567777779,127.24194650000001,5.9343140000000005,0.09375972125000001,7952
1137,2021-02-11,43.667869395555556,12.49219375,1.0154054055000001,113.38193193333333,118.84549175000001,12.251393107692309,0.15258115983333334,7964
1138,2021-02-12,46.09822612111111,12.181429167000001,1.08027027025,133.22978378888888,121.886842,18.78511228,0.36697622560000004,7966
1139,2021-02-13,54.25223976555556,11.234354167000001,1.177027027,140.199751125,117.73954599999999,8.846513900000001,0.2584989131111111,7978
1140,2021-02-14,51.49625341111111,10.10821875,1.120945946,116.65835448888889,112.3698895,15.605387781818184,0.10926915558333333,7985
1141,2021-02-15,50.14165887,11.907925,1.131418919,104.6337017,116.240699,8.042326666666668,0.044981719600000004,7987
1142,2021-02-16,44.88197855666667,13.304085417,1.1199324325,103.56607507777778,128.85235866666667,14.673450133333334,-0.08221941127272726,8000
1143,2021-02-17,43.08713645222222,13.710343750000002,1.13425675675,89.4824964888889,113.795977,11.287701733333336,0.31021177,8006
1144,2021-02-18,42.88680117,13.51266875,1.1819594595,97.44625825555555,123.24016999999999,14.509027261538462,0.12246080338461537,8008
1145,2021-02-19,35.02234113,11.925404167,1.053445946,98.0509159111111,119.0055625,8.55898952,0.100646041,8020
1146,2021-02-20,33.176695906666666,10.7471833333,1.03621621625,87.74509210000001,121.63469236693588,14.506414981818182,0.0062139437499999966,8027
1147,2021-02-21,31.556522416666667,12.1546860217,0.9964189190000001,99.11685435555555,116.53173749999999,12.8358269,-0.030507472818181815,8029
1148,2021-02-22,37.10205653111112,11.531088410777777,0.9724324325,104.029673425,112.457201,10.745071066666668,0.1021012188,8041
1149,2021-02-23,50.09154554888889,13.867253764,1.12145833325,92.98135803333334,123.47785133333332,15.0757764,0.2565209046,8043
1150,2021-02-24,46.57625024666667,16.104843010000003,1.13347222225,100.23003086666667,120.93705072559439,9.94518496,-0.12484575833333333,8055
1151,2021-02-25,40.30512312333334,14.274572043000001,0.9418055555,89.01876543333333,154.30850900000002,11.25971190769231,-0.04165461176923077,8057
1152,2021-02-26,38.189789473333335,14.79215625,0.9205405405,68.77727727777778,89.9890438,6.987527600000001,0.5202081199999999,8070
1153,2021-02-27,37.405124755555555,13.057502083,0.676418919,55.60821821888889,109.605026,10.563672276923077,-0.06108817766666667,8071
1154,2021-02-28,32.81534934888889,13.663216667,0.6505405405,56.30868868777778,107.74238,13.949034120000002,0.0518328466,8081
1155,2021-03-01,49.132925925555554,12.124868750000001,0.621418919,60.52146896888889,135.62385,9.737206200000001,0.09095857169999999,8090
1156,2021-03-02,36.403138402222226,12.362622917,0.627972973,55.331624624444444,105.93794299999999,9.077217672727274,0.063102673,8095
1157,2021-03-03,45.43587287333334,14.508452083,0.911875,64.66759259222222,132.480636,10.79341088,0.141272811,8104
1158,2021-03-04,54.873148147777776,16.757416667,1.06527777775,93.41376543333334,107.61141325,11.1224372,0.10305599308333334,8106
1159,2021-03-05,43.615433723333325,13.301510417,0.789054054,69.81246246666666,132.13139,9.20257744,0.18145083399999998,8118
1160,2021-03-06,43.91490991,13.927271506,0.7868055555,67.01206790444445,118.84549150000001,9.621786492307693,0.2394928646153846,8125
1161,2021-03-07,42.320043860000006,14.622083333333332,0.683918919,83.7133333375,122.061465,7.289455600000001,0.304175466,8127
1162,2021-03-08,34.64938109222223,13.333506944444444,0.828445946,77.4392989875,138.45662266666668,11.814284036363636,-0.007194357000000001,8139
1163,2021-03-09,43.20048732888889,16.422650463333333,0.8436486487499999,98.2628012375,121.246558,11.605595633333335,0.0028266032222222267,8141
1164,2021-03-10,52.35013645222222,15.239432869999998,0.707972973,82.16804617125,146.45047499999998,9.37552992,0.08989256633333335,8153
1165,2021-03-11,54.94793209888889,15.814062499999999,0.862,97.3296813625,119.34025700000001,10.32409861818182,0.1894677499090909,8155
1166,2021-03-12,44.86919753111111,13.359583333,0.69171428575,82.16505991222223,152.096618,8.802885680000001,0.2570026665,8168
1167,2021-03-13,41.43765432111111,16.072604167,0.7845000000000001,59.15225396666666,143.54009166666665,9.976490036363638,0.2634635436,8174
1168,2021-03-14,40.22864197444445,14.920989582999999,0.77614285725,58.49624603222222,101.51416040000001,11.396080600000001,-0.03764828299999999,8176
1169,2021-03-15,42.37305555555556,14.458270833,0.74785714275,69.36548677333333,117.38544946666667,8.854359054545455,0.38091698920000006,8189
1170,2021-03-16,43.972685184444444,14.366499999999998,0.6965,80.47371428888889,103.580533,10.07214324,0.0421100712,8195
1171,2021-03-17,48.209870370000004,17.579015151818183,0.7519285715,89.12347618888889,106.55882476666666,9.4712332,-0.014380974200000002,8197
1172,2021-03-18,47.65969135777778,17.275217802727273,0.81978571425,83.24734748888889,106.811058,11.482289566666667,0.2207815946923077,8209
1173,2021-03-19,46.41496913555555,16.19538825727273,0.77171428575,73.95794973222223,128.522515,11.733105066666667,0.1712816405,8216
1174,2021-03-20,43.77438271666667,15.654791666363638,0.82021428575,66.14983597777777,141.444616,12.046697840000002,0.0637794115,8218
1175,2021-03-21,44.67428104555556,17.714799609090907,0.81139705875,73.38979303333333,126.82334815662242,12.352058720000002,0.014538787250000015,8230
1176,2021-03-22,43.53075132222222,15.29027462090909,0.7374285715,54.485330687777775,126.77628533333332,12.139035236363638,-0.054945271,8232
1177,2021-03-23,41.931141975555555,14.74337121181818,0.70271428575,58.45380687777778,150.81604950000002,12.835662400000002,0.12712565975,8244
1178,2021-03-24,42.349969135555554,15.67655303,0.6909285715,54.00082244000001,151.41752866666664,11.74032141818182,-0.09238544733333333,8246
1179,2021-03-25,30.974197531111113,14.308740530909091,0.706,45.86896825444445,113.88328849999999,12.277025100000001,0.04849341127272728,8259
1180,2021-03-26,39.240625,15.379602272727272,0.7102857142500001,52.909873015555554,127.125531,15.369730850000002,0.15194343300000002,8265
1181,2021-03-27,47.3684652775,17.42241856,0.8815000000000001,67.81176470555556,105.76332,13.312951786666668,0.1657708095,8267
1182,2021-03-28,50.940145837500005,19.067433711818182,0.89678571425,87.57868627777778,126.26227768390429,13.028620900000002,0.12727345839999998,8280
1183,2021-03-29,44.74275537625,17.645649831818183,0.9195833332500001,98.1888403611111,124.17707656347736,10.732721973333334,-0.002207753642857142,8286
1184,2021-03-30,35.376042328888886,17.764170088181817,0.6656617647499999,69.06113725444445,128.9524644031123,13.000364500000002,0.05321976215735916,8288
1185,2021-03-31,29.974814814444446,14.410322580909089,0.5294285715,41.84784313777778,128.24010793845127,11.286124461538463,0.01124277872727273,8300
1186,2021-04-01,30.945691357777775,13.174054924545453,0.5209285715,45.91928042333333,127.48628110458937,10.413036290909092,-0.14683827459999998,8307
1187,2021-04-02,38.92501851888889,16.08350378818182,0.681,56.89362963,129.221007,11.054412533333334,0.045110277500000004,8309
1188,2021-04-03,44.20477160555556,19.518885416,0.8622142857499999,65.76344047625,119.20929,11.273340461538464,0.19903004958333334,8321
1189,2021-04-04,48.189738094999996,17.303475806,0.75610294125,62.012715685,130.38516,9.635834845333335,-0.060504898333333335,8323
1190,2021-04-05,58.48183950555555,19.976464015454546,0.78521428575,72.21840476222222,146.56689,12.439695546666666,0.106870916875,8335
1191,2021-04-06,38.031777777777776,17.568477272727275,0.8945714284999999,82.16587301111112,124.17239007326062,11.138307533333334,0.29202684,8337
1192,2021-04-07,34.57083597444445,14.864134469090908,0.65321428575,56.54521693,151.921995,12.06443,-0.03569788961538461,8349
1193,2021-04-08,36.34479365111111,13.175414772727272,0.6171428572500001,51.40415873,124.68249561180276,8.7034929,0.001711187333333336,8356
1194,2021-04-09,41.04540123444444,16.812236741818182,0.6865,53.49753439222222,175.670721,12.75437461818182,0.0425956374,8358
1195,2021-04-10,42.688827159999995,17.9604875,0.7330714285,62.703130952500004,111.467671,11.365729446153846,0.10899837254545455,8371
1196,2021-04-11,43.83404321333333,17.978229166,0.68664285725,66.82219047625,146.5086825,12.708688453333334,0.17948205544444443,8377
1197,2021-04-12,45.81660493444444,19.697139583000002,0.6845,78.8687857125,134.576112,11.669157493333334,0.13530789814285712,8379
1198,2021-04-13,43.238487651111114,18.495383334,0.72835714275,67.4846547625,122.818165,9.970860308,-0.05948702383333335,8391
1199,2021-04-14,41.23201851888889,17.065333333636364,0.67914285725,59.45283597888889,139.34914,11.976332573333334,0.041285980928571435,8398
1200,2021-04-15,40.001586423333336,16.12482765090909,0.58821428575,60.394740741111114,126.5697811860965,8.984701733333335,0.011574049600000002,8400
1201,2021-04-16,37.10422222222222,20.876969697272727,0.61528571425,72.87117460333333,149.0698195,15.379153566666668,-0.010528397000000004,8412
1202,2021-04-17,37.44015931,20.766880459,0.48128787875,42.32754629666667,144.122168,12.268746833333333,0.241917172,8414
1203,2021-04-18,33.83941975222222,16.350764636666668,0.5774285715,47.85123039125,134.808943,12.54238866666667,0.2650191901538462,8426
1204,2021-04-19,38.570434434444444,16.846447917,0.6552777777500001,54.224930555,106.869265,11.32136,0.33016645223076924,8428
1205,2021-04-20,35.59033533555556,19.377933333999998,0.52833333325,58.217888888750004,112.22437,9.877231733333334,0.184476500375,8441
1206,2021-04-21,31.421413914444443,14.088952083,0.47614285725,42.992979167499996,131.665729,11.420638100000001,0.03159073290909091,8442
1207,2021-04-22,30.752716048888892,15.008851613,0.51778571425,43.39330147,128.42696959583174,10.116441680000001,-0.12138161599999998,8452
1208,2021-04-23,33.617499996666666,14.516290322999998,0.52,42.651227273749996,105.559593,11.4598972,-0.12193902766666669,8461
1209,2021-04-24,31.534216049999998,15.264727957000002,0.48385714275,52.54242857125,127.46392409524736,9.090462700000002,0.05113824985714286,8466
1210,2021-04-25,40.81860493777778,17.628447312,0.5719285715,64.3856666625,134.05224349999997,12.7847708,0.02275308333333333,8475
1211,2021-04-26,45.54849649666667,18.728477083999998,0.77520833325,88.2093194375,127.01250464150242,11.209731384615386,-0.06371650000000001,8477
1212,2021-04-27,54.10020621,20.142223485454544,0.8556944445,103.38959258888889,145.984814,13.628002186666668,0.11232230869230769,8489
1213,2021-04-28,39.14775075111111,20.849327650909093,0.78090277775,107.75249206666666,146.799721,14.485323546666669,0.08866008569230768,8496
1214,2021-04-29,29.84746496444444,19.0331625,0.655625,95.764922625,127.98366775612132,10.747089560000001,0.05501445716666667,8498
1215,2021-04-30,29.32452202111111,18.0606625,0.63375,75.0642941125,130.2333770714132,13.456723085714287,-0.08262839227272728,8510
1216,2021-05-01,23.09562963,15.408424242727273,0.504469697,76.62762963,128.80767672164433,12.231558240000002,0.07171664825,8512
1217,2021-05-02,23.64824074,14.642588465454544,0.513014706,56.940346801111104,169.035047,14.680127507692308,-0.09076274183333333,8524
1218,2021-05-03,24.587806877777776,15.077661778181819,0.6029411765,68.52449495,128.89477010227148,14.656244145454547,0.161845616375,8526
1219,2021-05-04,24.024660494444444,14.767831440000002,0.52864285725,54.53979365111112,165.426172,13.04207101818182,0.24117904399999998,8539
1220,2021-05-05,20.80691358111111,14.33947159090909,0.5630714285,43.37237037,183.470547,13.441490690909092,0.060533585727272736,8545
1221,2021-05-06,19.457018517777776,12.772520833636365,0.58478571425,44.89740211555556,184.751116,10.07014451076923,0.013861578399999996,8547
1222,2021-05-07,20.95861111111111,12.247320625454545,0.533235294,42.52873400666667,134.401489,11.964936875000001,0.0005218544615384624,8560
1223,2021-05-08,22.86687542,14.749606060000001,0.5549242425,46.664319444444445,126.3174292708664,9.814987440000001,0.3185430826666667,8566
1224,2021-05-09,19.625827886666666,12.842052786363636,0.5416911765,42.51777777777777,150.6414265,15.875518145454548,0.0014469612857142902,8568
1225,2021-05-10,22.052141974444442,12.947704545454544,0.5529999999999999,35.82154497333333,127.07253331236933,11.026404450000001,0.08600048,8580
1226,2021-05-11,19.70227777777778,13.372926136363638,0.59522058825,45.335174603333336,130.31213513252888,17.65618136666667,0.19659305485714285,8587
1227,2021-05-12,19.547728395555552,14.532221590909092,0.5019285715,43.09491666625,130.06252119907793,12.363643750000001,-0.14750275866666668,8589
1228,2021-05-13,17.661882715555556,13.913910984545454,0.48185714275,32.2955803575,129.69618560053038,12.39252008,0.0028598509999999953,8601
1229,2021-05-14,18.372296295555557,14.781136363636364,0.46085714275,43.3644821425,131.17647016937212,13.824377900000002,-0.04709019672727272,8603
1230,2021-05-15,22.177002645555554,16.569076246363636,0.45095588225,48.82208333375,128.42739973783574,8.904098300000001,0.16658398740000002,8615
1231,2021-05-16,22.980740741111113,18.167441349090907,0.5667741935,64.21078431375,131.33282596992225,14.189754092307693,0.0670425846923077,8617
1232,2021-05-17,28.826854497777774,18.42122922818182,0.63772058825,73.11456818625,127.12680612301574,10.280606100000002,0.330000013,8630
1233,2021-05-18,19.91550529111111,16.365039100636363,0.60477941175,46.655704545,131.59166622227946,18.439651,0.442213923,8636
1234,2021-05-19,17.376431217777778,12.448530303090907,0.51970588225,35.22936363625,122.90267185271354,3.2916105333333334,0.010062404,8638
1235,2021-05-20,15.374740741111111,12.241490713545454,0.510514706,27.56037121125,117.46306,15.070763636363637,0.16616431599999998,8651
1236,2021-05-21,23.431679893333335,13.750965054099998,0.4909848485,28.883848484999998,128.82671534154267,11.256077,-0.021002033799999997,8657
1237,2021-05-22,20.84239153333333,14.0191935484,0.5121323529999999,37.140880681249996,124.564394,10.185188266666668,0.07884882363636364,8659
1238,2021-05-23,20.76348583777778,15.125924731499998,0.426985294,77.9323447,128.8467135577156,11.086508953846154,0.0508334641,8671
1239,2021-05-24,19.73462962888889,15.523447916999999,0.4679285715,46.73228186375,128.30605653375272,10.137690066666668,0.21639828740000003,8678
1240,2021-05-25,21.463425925555555,16.46378125,0.5106428572499999,39.52218939375,131.0860299857512,14.300276400000001,0.20682848463636364,8680
1241,2021-05-26,24.848677248888887,15.4171875,0.61808823525,47.2366484375,127.44166203963539,11.400440320000001,0.18056802766666666,8692
1242,2021-05-27,23.06367195888889,16.343072917,0.620735294,47.920125,131.37036075537426,17.01627292,0.17873406222222224,8694
1243,2021-05-28,17.73848677333333,11.611239583,0.5593939395,30.4952367425,127.09747393053036,12.0565904,0.07751001227272726,8706
1244,2021-05-29,15.099439152222223,10.197135417,0.45856060600000004,27.5795928025,120.955519,13.810512472727275,0.149061022125,8708
1245,2021-05-30,16.20867724888889,10.488729165999999,0.43779411775,28.85214962125,117.288437,13.323573786666667,0.1022373429,8720
1246,2021-05-31,22.16641269888889,10.829614583,0.4636764705,46.26650568125,126.02180810439673,10.880040444444445,0.18086872016666666,8727
1247,2021-06-01,19.433693122222223,10.486489583,0.4213235295,27.1795928025,128.40903831875116,12.569709542857144,0.004924863749999999,8729
1248,2021-06-02,19.45611640222222,12.93821875,0.48977941175000006,40.838276515000004,127.33069554753182,11.255372000000001,0.21904092166666667,8742
1249,2021-06-03,18.81215344,12.841697917,0.55,48.14982230375,129.10450271497126,14.791696830769231,0.080131034,8748
1250,2021-06-04,20.501629628888892,13.178052083,0.517132353,50.2540563725,128.31747526318216,13.137816000000003,0.14739550628571427,8750
1251,2021-06-05,20.05383068777778,12.915979166,0.47078125000000004,39.40636363625,129.1789425457933,13.330843657142859,0.10164647218181817,8762
1252,2021-06-06,21.60128042222222,13.073979167,0.46886363625,43.3509375,130.80916510247903,15.799285000000003,0.05028600940000001,8769
1253,2021-06-07,24.66768254,14.710645833000001,0.59515151525,54.76439394,122.119673,10.759749928307693,0.031813932200000006,8771
1254,2021-06-08,24.50021164,14.727333333999999,0.55397058825,62.02229166625,128.41158217119346,12.601572030769232,0.07621923125,8783
1255,2021-06-09,22.602668845555556,13.406583334,0.521764706,58.3066421575,124.2351131781558,6.6512849,0.159999996,8785
1256,2021-06-10,18.128380952222223,11.245677083999999,0.54885714275,57.98162797625,127.67396797338611,13.22556265,-0.11232239960000001,8797
1257,2021-06-11,18.45993650777778,12.070208333,0.6419285715,38.39052083375,125.31964286389496,10.559046320000002,0.1098224316,8799
1258,2021-06-12,15.915851852222223,11.4688124997,0.50228571425,33.203375,128.36212689137042,13.451986218181817,0.09130807699999999,8812
1259,2021-06-13,16.302314814444443,10.8506770833,0.456111111,23.979930555,127.78441991589523,11.3589318,-0.013292250636363634,8813
1260,2021-06-14,15.781141974444445,12.63946875,0.509236111,26.265381945,130.2539887795689,14.5427964,-0.0317710286,8823
1261,2021-06-15,13.813549382222222,12.298635417,0.46416666675,27.63107638875,132.20473681269524,17.64046214545455,0.0177650989,8832
1262,2021-06-16,15.520895063333333,10.651270834,0.4963194445,26.225243055,125.89091511960356,9.245498466666668,0.0070610269999999975,8837
1263,2021-06-17,15.746512345555553,10.243718750300001,0.51277777775,26.759999999999998,123.283826,11.990007850000001,0.0649932495,8846
1264,2021-06-18,15.820709875555556,12.6383437497,0.523611111,23.7184027775,126.62966113904704,8.7769586,-0.0050000010000000004,8848
1265,2021-06-19,22.179513226666668,12.870137097,0.42021428574999997,21.1701428575,131.12649782213046,15.214007428571431,0.113221813,8860
1266,2021-06-20,14.455462963333332,11.9131801072,0.41978571425,17.67764880875,129.64113322808345,12.994174600000001,0.08223344375,8867
1267,2021-06-21,20.8053,11.844708333,0.49284722225,26.80077777875,128.42869488730486,13.033052276923078,0.09699984799999999,8869
1268,2021-06-22,22.441661111,13.55934375,0.563888889,40.573881943749996,122.468919,13.935570072727273,0.12254507649999999,8881
1269,2021-06-23,27.190350000000002,14.827405915,0.5725714285,57.333404761249994,112.864655,11.657198861538463,0.452691501125,8883
1270,2021-06-24,22.833338889,11.4742634412,0.52135714275,43.8841190475,104.249921,12.571481381818183,0.126434552,8895
1271,2021-06-25,24.099244444,12.469897849,0.54228571425,51.746,122.33025886437129,3.9303938000000005,0.051924434398647024,8897
1272,2021-06-26,22.817783334,12.015276881,0.52671428575,34.74370238,109.081157,14.580101240000001,0.1087622622,8910
1273,2021-06-27,17.142805555000002,11.3905510747,0.5245714285,45.85068452375,127.37796057089712,12.790542400000001,0.08441547359999999,8911
1274,2021-06-28,25.322544445,11.7807553757,0.5730000000000001,59.17827380875,127.26967608075103,14.157079933333335,0.1167942603,8923
1275,2021-06-29,24.902949999999997,13.147220431,0.588014706,65.00853571375,129.47198186384676,16.344855360000004,0.0170283943,8925
1276,2021-06-30,21.614050504545453,11.196312317,0.535,57.0488888888889,127.90053772147012,14.261613155555558,0.008852002333333338,8935
1277,2021-07-01,16.579631312727273,9.52133431090909,0.5225714285,57.191989417777776,125.47819522826076,11.411371266666668,0.0015477277000000005,8944
1278,2021-07-02,19.145571428181817,9.652045455454545,0.498030303,51.988934641111115,124.03919946267004,8.4508632,0.015762444,8946
1279,2021-07-03,18.550621212727272,9.308233137818181,0.42835714275000003,35.28351322666666,131.89856,10.59302196923077,0.07040623433333333,8958
1280,2021-07-04,22.25982323272727,9.97398484909091,0.51191176475,41.48599564333333,126.0735641170977,11.14323,-0.0435765515,8965
1281,2021-07-05,21.78241919181818,10.450848484545455,0.50566176475,49.40387799444445,121.770427,13.221601333333334,0.069882821,8968
1282,2021-07-06,19.48391414090909,10.87789394,0.51897058825,49.87001089333333,127.22688100288723,13.612916440000001,0.1485547925,8979
1283,2021-07-07,20.974999999999998,11.15592619809091,0.52228571425,49.27257734222222,127.88849012565939,14.159765200000002,0.08334079287499999,8981
1284,2021-07-08,15.213580808181819,11.777102272727273,0.5313194445,41.20038888777778,128.23753167898434,13.999336254545456,0.14005731500000002,8993
1285,2021-07-09,13.312030302727273,10.705757575454545,0.54666666675,30.961444444444446,126.28327640670081,10.964105166666668,0.03736596924999999,8996
1286,2021-07-10,14.536101009363636,9.42435606090909,0.59854166675,35.78019135777778,124.86048935808893,10.477299533333335,-0.05362166433333334,9005
1287,2021-07-11,14.574762626363638,9.311846590909092,0.536736111,32.62886419777778,123.71853941509578,8.2616882,0.074999998,9014
1288,2021-07-12,15.621510100909092,8.947964015181817,0.54958333325,20.863074073333333,125.60123158365744,11.22475385,0.0154214355,9016
1289,2021-07-13,16.480378787272727,9.163996416083334,0.62728571425,19.439445236999997,124.7546008648735,10.418220533333335,-0.064963743,9029
1290,2021-07-14,16.659536445454545,10.059635416666667,0.6905405405,19.079144445,125.61805629020394,12.308094114285714,-0.016666665500000004,9035
1291,2021-07-15,16.34244949518182,11.001267361666669,0.69722222225,23.138928571,124.91813817082516,10.757508520000002,0.036409698000000004,9037
1292,2021-07-16,15.64740404,10.949366319166666,0.614861111,26.551972223,125.56980600452634,10.625760000000001,0.03935286385714286,9049
1293,2021-07-17,15.34591414090909,8.507473958583333,0.61416666675,29.773072222000003,124.09722911770001,10.856765000000001,0.060080192944676675,9056
1294,2021-07-18,16.48908585818182,8.020052083583334,0.63375,27.0456,121.30108357457138,6.9518076,0.06104854457073533,9058
1295,2021-07-19,17.155545454545457,8.582526041666666,0.577361111,17.2062095237,121.74895607731129,7.400518527000001,0.331574753,9070
1296,2021-07-20,17.267444445454547,9.351319444166668,0.62354166675,18.059194444,124.09861236028044,9.826960846345724,0.06741258066488254,9072
1297,2021-07-21,19.07559595909091,9.9637847225,0.6713888889999999,21.634250000999998,124.88446364687289,10.807446960000002,-0.0616030494,9084
1298,2021-07-22,13.291060606363637,8.642025089583333,0.5580714285,17.5726722227,124.14848192136866,9.063745550000002,0.026012551,9086
1299,2021-07-23,13.214015150909091,8.735564235833333,0.60104166675,20.218416667,125.03622482184156,10.482114984615386,-0.11098328566666667,9096
1300,2021-07-24,12.440732322999999,8.657144096916666,0.621388889,23.459833333,123.59669183614102,9.645628266666668,0.06861463787500001,9100
1301,2021-07-25,11.507272727272728,8.399487846916667,0.58354166675,25.550444445,122.50854313001835,7.427754510000001,0.05931616035250312,9110
1302,2021-07-26,14.96870707090909,8.564236110833333,0.61034722225,29.566038888999998,123.12526237345615,9.0778244,0.05954104889519772,9119
1303,2021-07-27,16.441545455454545,8.18234374975,0.5356944445,29.112594444000003,121.31634582043175,4.8141724,-0.009950861,9124
1304,2021-07-28,15.22010606,8.728436379916667,0.6186805555,14.9078277783,123.57525994666544,9.2746134,0.06768076118317763,9128
1305,2021-07-29,15.863959596363635,9.241594982416666,0.649375,15.402416667,124.25479009889064,9.9051983,-0.027499996,9140
1306,2021-07-30,15.186989898454545,8.8166017025,0.658611111,14.457072222299999,123.87365165279809,10.016073314285716,0.012150735,9145
1307,2021-07-31,13.802744588181817,8.825577106999999,0.610138889,14.579844443999999,123.18408343272343,8.49271388,0.10128398983333332,9150
1308,2021-08-01,14.88891774909091,9.457138889166666,0.66668918925,19.533256757,122.65733120880384,7.7687616,0.030759274999999996,9159
1309,2021-08-02,17.109939394545453,9.4552777775,0.70425675675,21.47007027,123.17294287573907,9.326553771428573,0.008757566999999999,9168
1310,2021-08-03,16.110393939999998,9.602031810333333,0.6225675675,18.800311711,123.2064948994084,8.150975,0.08669677,9175
1311,2021-08-04,17.336065520000002,9.757951389166667,0.69763513525,18.623076577,123.58793101903791,9.466808933333335,0.0033333323333333367,9177
1312,2021-08-05,14.600159705454546,9.941440972499999,0.69324324325,24.951565315,123.24209127673947,8.3991444,-0.056666664666666665,9189
1313,2021-08-06,18.045800573636367,9.802986110833332,0.66763513525,31.697045044,123.79796304155566,9.815601476923078,0.0015901857500000005,9196
1314,2021-08-07,17.071175265454546,9.976927083583332,0.7363513512500001,24.463139638999998,123.76893095274707,11.310214733333334,0.15351213033333333,9198
1315,2021-08-08,14.873047297,8.821822916916666,0.7891216215,25.974777027,123.07640754543709,10.70960262857143,-0.095033094,9211
1316,2021-08-09,14.051601147272727,8.908394097250001,0.6975,30.620155405000002,108.731911,11.802154960000001,0.06832240058376073,9217
1317,2021-08-10,15.426736281818181,8.668732639166667,0.6155405405,26.080572072000002,123.19451688233377,8.764376338461538,0.009661155749999997,9219
1318,2021-08-11,14.346752662727273,9.453203125,0.61979729725,22.716096847,113.795977,10.623174276923077,-0.025202374,9231
1319,2021-08-12,15.66866298090909,10.267560763916666,0.639054054,28.031916667,119.61981908886185,1.945471,0.059637662176766665,9238
1320,2021-08-13,15.893400900909091,9.743489583083333,0.59729729725,26.260984235000002,125.43171966315614,10.549927636363638,-0.09117744775,9240
1321,2021-08-14,14.20444307909091,10.87717881975,0.61621621625,28.044774774,123.82558227814143,7.674211136000001,0.019164170500000008,9252
1322,2021-08-15,13.490959595454546,11.316597222166665,0.5694444445,28.871500000000005,126.40960446485315,11.305261415384617,0.11176902271428571,9254
1323,2021-08-16,13.974840294545453,11.08018229225,0.6452702702499999,30.382335585,125.43974313403784,11.187504,0.0941378106,9266
1324,2021-08-17,15.13583538090909,10.235798611083334,0.65168918925,34.062051801,111.176632,12.395007320000001,0.20644148455555555,9268
1325,2021-08-18,16.064095004545454,10.521267361083334,0.779527027,36.552921172,120.92641549999999,10.726282033333334,0.06302886814285714,9281
1326,2021-08-19,17.56834561909091,10.294644096916667,0.70520270275,38.727326576,116.939191,6.388782850000001,0.449999988,9287
1327,2021-08-20,15.927592137272727,9.517361110833333,0.678108108,23.888909909,107.625965,8.95046192,0.170000002,9289
1328,2021-08-21,15.18824651909091,9.75784722225,0.7475675675,16.61145045,109.430403,9.440012666666668,0.098100383,9301
1329,2021-08-22,14.29669191909091,8.482041666416666,0.58558823525,22.856444443999997,112.864655,8.6645346,0.07,9303
1330,2021-08-23,16.45757248181818,9.327363350916666,0.663611111,24.180333333,125.46898754836072,12.798009133333336,0.027432817399999997,9315
1331,2021-08-24,17.022948402727273,9.451388888916666,0.6375675675,31.558718469000002,124.21589101026262,10.415620650000001,0.02020054566666666,9317
1332,2021-08-25,16.08281941,9.011467013916667,0.60966216225,29.825490990000002,124.41288852927872,11.432666444444445,0.16156335914285716,9327
1333,2021-08-26,17.55808108090909,10.5062934025,0.6177027027499999,32.546909909,123.70691542787404,8.844653405,0.12566603714285715,9332
1334,2021-08-27,21.070731368181818,10.012604166666668,0.7255405405,33.048297297,122.40322257937825,9.371963560000001,0.15839302685714282,9341
1335,2021-08-28,20.663103194545457,10.113654513916666,0.7395270270000001,31.129536486,120.73478228920463,6.479462300000001,0.1349999905,9350
1336,2021-08-29,16.370252524545453,9.627538082166668,0.7040277777499999,28.895499999,131.200068,11.274139100000001,-0.06113760125,9352
1337,2021-08-30,14.516262626090908,10.22435035875,0.6500694445,17.026466665999997,113.446731,8.455389613333335,-0.0182036035,9362
1338,2021-08-31,18.16618099909091,10.334288194166666,0.79871621625,17.953163514,107.62596500000001,9.425954742857144,0.11240615300000001,9372
1339,2021-09-01,16.57845004,10.264296875,0.7754054055,20.359630630999998,100.757461,11.506160240000002,0.09623754366666666,9373
1340,2021-09-02,17.455184275454545,10.21500868025,0.78513513525,22.587096847,113.039277,11.47074688888889,0.082348289375,9383
1341,2021-09-03,19.42674651909091,10.378420139166666,0.7480405405,24.153556307,101.805199,11.296358685714287,0.102739493,9393
1342,2021-09-04,22.27947584,10.9392621525,0.8653378377500001,23.694858108,106.170774,8.844565280000001,0.07719307655537924,9394
1343,2021-09-05,22.205069614545454,10.499572132916667,0.845763889,30.7635,118.277967,9.069988828571429,0.055593724166666664,9401
1344,2021-09-06,20.587002456363635,10.149505208583333,0.8264864865,41.798612612,120.59558909490576,8.1645439,0.143956371,9414
1345,2021-09-07,15.234684683636363,10.200659721916667,0.75635135125,23.19474099,106.985681,11.089211333333333,0.230000004,9420
1346,2021-09-08,15.186212121818182,10.221189235833334,0.7349305555000001,16.0859444443,124.06797306565389,11.55247216,0.22866999679999997,9422
1347,2021-09-09,14.762904040909092,10.257447916416668,0.78916666675,22.57250000111111,123.40706473655895,10.069031422222224,-0.026910814166666658,9434
1348,2021-09-10,14.111334971818183,10.419027778083334,0.66466216225,21.92153903888889,124.74823897467294,10.20211542857143,0.010624845600000004,9441
1349,2021-09-11,14.152752524545456,10.40061631975,0.6650675675,17.182162162222223,106.403604,8.11676302857143,0.05184728166666667,9444
1350,2021-09-12,12.923131313636363,9.852638889166666,0.574054054,17.84894894888889,125.2613131767062,9.350289040000002,-0.07883501157142857,9454
1351,2021-09-13,14.136279688181817,10.656901041416667,0.647972973,19.617409910333336,121.90812234745339,4.946060666666667,0.029999999,9463
1352,2021-09-14,13.953415233363637,11.601302083333332,0.656891892,15.64191441477778,102.329068,10.42154124,0.17328099900000002,9469
1353,2021-09-15,14.678390663363636,10.7015625,0.736418919,18.08006193625,123.4712670597705,8.6214215,-0.03130142,9471
1354,2021-09-16,14.363151104818183,9.693480902500001,0.675608108,22.096749248888887,114.436261,9.706690666666669,-0.134954572,9484
1355,2021-09-17,12.438834971545454,8.95410037909091,0.6841216215,16.81726726777778,123.3156492393626,9.9339247,0.1134600056,9490
1356,2021-09-18,12.820004095181817,9.787386363363636,0.59378378375,24.738209876666666,129.686669,9.812406200000002,0.219999999,9492
1357,2021-09-19,13.694722222727272,9.425953079181818,0.7416891892499999,35.00419753111111,108.9065335,10.589006000000001,0.07298860775,9504
1358,2021-09-20,13.848361243636363,9.76201704518182,0.7772297297499999,30.780771605555554,122.3435756156578,9.9730804,0.159999996,9511
1359,2021-09-21,14.44757974518182,10.140486110833333,0.726891892,20.484954955,124.40767887206535,11.218116040000002,0.06010588260000001,9513
1360,2021-09-22,14.097316587272728,10.560595878166668,0.75364864875,20.1351981987,122.27776805649755,8.325463440000002,0.1750000045,9525
1361,2021-09-23,13.317208931181819,10.549904513583334,0.643581081,17.15013964,117.172021,10.897095700000001,0.10250000299999999,9527
1362,2021-09-24,14.924704944272726,10.65481630825,0.693918919,19.47016766811111,112.457201,7.2690471555555565,0.07765670133333334,9539
1363,2021-09-25,14.361072568181818,10.092664930833333,0.6625694445,24.280500501111113,105.181243,7.634228800000002,-0.06626749325,9541
1364,2021-09-26,14.952571769999999,11.158967014166668,0.7429729730000001,29.254111611111114,123.88890847118388,9.613851566666668,-0.0005380708999999997,9553
1365,2021-09-27,15.694828549090909,11.411189236666667,0.69,32.716171171111114,123.11524096709161,8.1858631,0.14333334066666667,9560
1366,2021-09-28,15.23536682609091,11.661831597499999,0.96716216225,29.984176677777775,111.525878,9.543452676923078,0.19214546683333333,9562
1367,2021-09-29,15.249541467272728,11.404270833333333,0.7783783785,23.540515514444444,123.73846045414481,9.148568800000001,-0.059999999,9574
1368,2021-09-30,15.999457735181819,10.301302083083334,0.79925675675,24.126579078888888,104.6573745,10.142017200000002,-0.029798811,9576
1369,2021-10-01,17.032444178454544,10.758177083333335,0.8597916667500001,36.138528528888884,108.324457,8.423543040000002,0.1325000005,9588
1370,2021-10-02,13.809457734818182,11.586302083333335,0.861554054,36.04552802777778,114.9310265,12.859064640000003,0.7574409621666667,9590
1371,2021-10-03,13.146929824545454,11.11563368025,0.6091216215,26.747442442222223,125.09533915084967,10.27225984,0.17867865833333332,9602
1372,2021-10-04,17.694070973,11.511493055833334,0.7138888889999999,27.98244995,123.86936819342668,9.187368240000001,0.06340814905497233,9609
1373,2021-10-05,18.739133906636365,10.796818996666666,0.6500694445,29.742477477,126.0777935,12.185283236363636,0.13555203033333332,9611
1374,2021-10-06,15.546431203636365,10.974547490500001,0.7408783785,38.466790541,122.41102974285127,8.8254955,0.19249999499999998,9623
1375,2021-10-07,17.44956183481818,12.6402060935,0.82331081075,44.805968467999996,118.045136,11.222116246153847,0.015065381444444446,9625
1376,2021-10-08,20.413230958454545,12.87601030525,0.8641216215,54.25586936999999,121.04202016272372,6.742106133333333,0.05138134651173003,9637
1377,2021-10-09,20.47052620790909,12.607793459083332,0.831081081,60.823567568,108.819222,12.460943692307694,-0.003632675333333347,9640
1378,2021-10-10,19.002944307545455,12.67125,0.7908333332499999,62.156759009999995,88.0099833,10.578765640000002,0.09485911675,9652
1379,2021-10-11,21.40285012181818,14.863754480583333,0.820608108,60.575783783999995,114.2325345,9.0589492,0.027174776142857144,9658
1380,2021-10-12,23.062252790636364,14.7676996525,0.93628378375,65.53349098999999,124.38769716112675,12.009674145454547,0.012996738153846159,9660
1381,2021-10-13,17.18537480090909,13.97702257,0.83916666675,65.152475229,122.56345825315202,7.692787666666668,-0.007117892833333324,9673
1382,2021-10-14,20.628098086363636,13.305199653333332,0.82628378375,60.663367114,124.26007173332167,11.227012200000003,0.035188099083333334,9679
1383,2021-10-15,24.055067783636364,13.269201388333334,0.8844594595,62.220166670000005,121.42141620963365,7.279707800000001,-0.040711696,9681
1384,2021-10-16,27.165391073636364,14.717361110833332,1.013581081,80.64978096,123.44909660344284,11.4616644,-0.18204022891666663,9693
1385,2021-10-17,21.894707207545455,14.114365530000002,0.70972972975,62.17759009222222,137.719326,8.505120000000002,0.04041804223946861,9700
1386,2021-10-18,15.670913186363636,11.134186217,0.67354166675,17.921327161111112,141.32820049999998,10.608150192151719,0.05884887302799412,9702
1387,2021-10-19,17.96780712609091,11.946267920583333,0.7275694445,32.355861111,135.391019,14.275090666666667,0.04802288844444444,9714
1388,2021-10-20,26.54005980818182,11.8105902775,1.04074324325,64.503367114,121.7704265,8.3508942,0.599137127,9716
1389,2021-10-21,29.951040669999998,11.752447916666668,0.8589864865,70.678797294,113.11688766666667,16.32018941818182,0.0951027949,9728
1390,2021-10-22,28.120478469090912,10.761319445,0.9441216215,60.576416666,94.26730710000001,5.6158706700000005,0.08126844420000001,9730
1391,2021-10-23,26.88,11.769340278333333,0.845763889,69.502103604,111.29304747500001,11.792647076923078,0.0506576335,9743
1392,2021-10-24,22.154098883636365,10.345,0.6766666667500001,50.340388888999996,103.9588825,6.461842000000001,-0.119999997,9749
1393,2021-10-25,24.41403508818182,10.900407986666666,0.7950714285,44.015166667,106.77613318000002,9.680416461538462,-0.08643942911111112,9751
1394,2021-10-26,24.959569378181815,10.006666666666666,0.90736486475,52.005026316,94.26730685,12.0566092,0.07368118574999999,9764
1395,2021-10-27,27.730223285454546,11.337699653333333,1.04085526325,70.59674562000001,116.45412700000001,8.611237942857144,0.1934496848888889,9770
1396,2021-10-28,27.45968899636364,10.920625000000001,1.04532894725,76.36661404,111.70050133333332,14.081517720000003,0.103752291,9772
1397,2021-10-29,32.37180622,12.219131944166667,1.21664473675,83.62718421,122.818165,7.050260066666667,-0.00019914966666666664,9784
1398,2021-10-30,30.899665072727274,11.142855902500001,1.18046052625,80.80667983,102.6783138,12.060652766666669,0.03721139216666667,9791
1399,2021-10-31,34.84726874,12.6590625,1.36831081075,104.42294299,104.249921,7.217785300000001,-0.007949356,9793
1400,2021-11-01,36.472263158,13.218768939090909,1.509210526333333,101.89518005789473,102.023477675,14.185813323076925,0.059381531384615376,9805
1401,2021-11-02,33.22493620454546,12.7193315975,1.05190789475,94.85607895000001,106.1125657,13.377373120000001,-0.6599990255,9807
1402,2021-11-03,39.60271531090909,13.011875000000002,1.1146710527500001,105.39193859,104.42454363333333,11.576288000000002,-0.15853874308333332,9819
1403,2021-11-04,37.85938995181818,15.192682291666666,1.2650000000000001,162.83548246,104.13350525,15.639292300000003,0.24472287110000002,9821
1404,2021-11-05,33.41449760727273,14.494782986666666,1.355131579,214.20779825,97.9634933,7.528469400000001,0.2625862152,9833
1405,2021-11-06,36.226539075454546,11.834114583333333,1.22092105275,158.86855263,99.7388268,13.983711745454547,0.011075847636363635,9840
1406,2021-11-07,39.48791068636364,11.473975694166667,1.293881579,167.66495175,102.62010605,5.4325467000000005,-0.04926528599999999,9842
1407,2021-11-08,44.29097687363637,12.066866319166666,1.32789473675,168.06182455,106.09801395,12.30313793846154,-0.03969750241666666,9855
1408,2021-11-09,46.542922647272725,14.345173610833333,1.5920270269999999,184.57397522000002,118.04513599999999,6.5106844000000015,-0.06382319524999999,9861
1409,2021-11-10,41.53257309916666,12.36403846153846,1.7474342104999998,149.8613118,102.285412025,11.931171261538463,-0.064165147,9863
1410,2021-11-11,45.549745370000004,11.76335607923077,1.85972222225,160.71385965454544,120.0824045,17.69750784,0.08683402000000001,9875
1411,2021-11-12,43.85325657916667,12.389495192307692,1.68690789475,167.90558762727272,112.413545,8.817357450000001,0.15374322122222223,9882
1412,2021-11-13,42.377876462500005,11.102892628461538,1.3917105262499998,131.77901105454546,114.378054,15.071537000000001,0.112030012,9884
1413,2021-11-14,40.191374269166666,11.623477564615383,1.4711842105000001,128.3679095,117.986929,7.731699280000001,0.04666667633333332,9896
1414,2021-11-15,41.86051535083333,12.227451923076924,1.48717105275,122.4603110090909,114.4362615,13.226893533333334,0.22816787018181817,9898
1415,2021-11-16,40.53408260166667,12.514831730769231,1.4698026315000001,132.25821371818182,116.182491,6.166368666666668,-0.0798865695,9910
1416,2021-11-17,39.851330706666666,11.702369726923077,1.52085526325,127.03573364545454,108.537885,12.472311907692308,-0.13662220583333332,9912
1417,2021-11-18,40.35999436833333,12.448808933076922,1.823881579,128.41448564545453,110.56545195,8.637675040000001,-0.0899781425,9925
1418,2021-11-19,41.94029466916667,16.499948304615383,1.576513158,133.96,116.21159499999999,9.297955480000002,0.27653013233333334,9926
1419,2021-11-20,44.22118430916667,13.075082713076922,1.3875,126.45386761818182,154.07567849999998,16.57166163636364,0.045086447099999996,9936
1420,2021-11-21,33.1902571325,12.655961538461538,1.08371621625,107.63476076363636,134.692527,7.360839200000001,0.677061225,9945
1421,2021-11-22,30.565533625,12.627532050769231,1.1798026314999999,89.04183333,120.344339,12.155698872727273,0.1413468718181818,9950
1422,2021-11-23,39.0194356725,12.657676282307692,1.5641447367499999,97.3644067,92.4337655,6.78160744,-0.04673334359999999,9959
1423,2021-11-24,45.478434210833335,13.110985576923078,1.651081081,109.57845454545455,109.46920733333333,15.264667230769232,-0.17375913315384614,9961
1424,2021-11-25,42.88835380166666,13.001753472499999,1.54875,126.75062983000001,106.37450000000001,6.6555697333333335,0.2977205525,9973
1425,2021-11-26,44.04983333333333,11.621840277499999,1.9206081080000001,149.67303514,107.67253120000001,11.775215500000002,-0.1138650565,9980
1426,2021-11-27,38.38582602416667,10.977977430000001,2.0700675674999998,141.76673889,110.3035175,16.432422000000003,-0.05119899139999999,9982
1427,2021-11-28,35.50794294333333,11.402804660000001,1.33284722225,136.91890556,103.7260515,7.7173389000000014,0.36093463857142855,9994
1428,2021-11-29,35.1825615625,11.815024640833334,1.25402777775,122.41936111,114.82431270000001,13.911548800000002,0.10081980615384617,9996
1429,2021-11-30,35.01769736833334,11.658084935384617,1.3454054055000002,98.24881260000001,100.699253,7.026355866666667,-0.4083418865,10008
1430,2021-12-01,45.060190059166665,12.616586538461538,1.8308552632500001,127.75451993636362,117.59887766666667,12.89586,-0.130576074,10010
1431,2021-12-02,37.2640731,14.084190705384616,1.4051315789999999,118.58991786363636,138.999894,6.567698533333334,-0.094285605,10023
1432,2021-12-03,39.18085233916667,12.927981803384615,1.612236842,120.78033412727272,131.68028075,13.931011500000002,0.0579307874,10029
1433,2021-12-04,31.770884503333335,12.112716346153848,1.593918919,91.35648882727273,146.974344,9.515967800000002,0.22468771,10031
1434,2021-12-05,30.557466966666667,12.809904880000001,1.4894594595,92.06780015454545,133.95523066666667,12.534119800000001,-0.09322847450000002,10044
1435,2021-12-06,28.61624561416667,13.10209935846154,1.02197368425,77.26403189727273,120.140612,17.411129111111112,-0.1592755578888889,10050
1436,2021-12-07,27.288278529166664,12.176586538461539,0.90328947375,65.84870813636364,147.2071745,11.036634000000001,0.03592473500108517,10052
1437,2021-12-08,30.002145645,13.375589329999999,1.1140131580000001,77.05184290909091,122.47135243749167,14.349487963636365,0.06860143745454544,10064
1438,2021-12-09,35.81487612583333,13.042235576923076,1.2714473685,91.35325997272729,119.8786779,9.32390136,-0.22971674033333334,10071
1439,2021-12-10,33.621985735833334,13.70460737153846,1.11184210525,85.45675997272727,127.591193,13.696524523076924,-0.11194873308333332,10073
1440,2021-12-11,34.045849205833335,13.430922249230768,1.3166891892500001,89.55555692727272,121.55699866666667,6.086180400000001,0.017180988999999997,10085
1441,2021-12-12,37.95885648083333,13.61372596153846,1.6149305555,110.75815889090909,108.2225935,16.443944953846156,0.1464362565,10087
1442,2021-12-13,35.812342592499995,13.330328525384617,1.90717105275,109.75354943636363,113.35942,24.979654000000004,-0.0650011702,10099
1443,2021-12-14,34.829685184999995,12.698733973846155,1.6355921052500002,116.6046547,105.617800975,7.707309100000002,-0.08480416737500002,10101
1444,2021-12-15,32.37160648166667,12.097884615384617,1.3345945945,100.25672886363637,114.96013033333334,13.204053527272727,-0.1514335663846154,10114
1445,2021-12-16,32.795833333333334,12.817147436153846,1.32940789475,105.42229665454546,117.46306,7.079255933333333,0.1476577245,10120
1446,2021-12-17,26.9628425925,12.89628205076923,0.94539473675,84.33665868454545,111.77326095000001,11.5484123,0.189811374875,10122
1447,2021-12-18,25.353666666666665,11.666554487153848,1.0923026315,93.30442902727273,109.3430915,7.5994159,0.12154182300000001,10135
1448,2021-12-19,28.194000000000003,12.09340544923077,1.1776315789999998,93.99269457272727,100.7283574,12.96337513846154,0.2115014132307692,10141
1449,2021-12-20,35.130185185833334,11.371698717692308,1.55414473675,120.34780541818182,103.02756,11.36362616,0.03670842666666666,10143
1450,2021-12-21,44.46758333083333,11.059278846384615,2.12921052625,147.57168899090908,103.1051703,15.166392400000001,-0.09526695000000002,10155
1451,2021-12-22,46.15230555916667,12.67198718,1.9486842105000002,136.51185885454547,114.843715,24.568132254545457,0.02482696911111111,10162
1452,2021-12-23,42.574953703333335,13.75705128153846,1.956513158,136.51303828181818,115.6295185,5.823578866666668,-0.18333041475,10164
1453,2021-12-24,37.932194445,10.603966346153847,1.881118421,122.8904075,114.669091975,17.740973781818184,-0.03747807808333333,10176
1454,2021-12-25,38.062083334166665,11.219286858692309,2.18197368425,143.6465342909091,114.82431233333334,8.466962768,-0.35437318225,10178
1455,2021-12-26,37.221560184999994,10.378318858230768,1.8654166667499998,151.7408841090909,110.3586364309238,11.784748666666667,-0.1739825215,10190
1456,2021-12-27,31.285310185,12.088982371538462,1.254527027,78.42657416363636,115.18669345229418,7.0719772,0.258401056,10192
1457,2021-12-28,30.743703703333335,12.331217948461537,1.10986486475,78.70789792727273,122.046913,17.756932133333333,0.456326107,10204
1458,2021-12-29,27.79870370333333,11.429599359230767,1.09520833325,69.21701594545455,145.674373,17.4460851,-0.4126353355,10211
1459,2021-12-30,30.86363425916667,11.19455128153846,1.1869594595000001,79.46361961818182,128.62437849999998,3.3926367200000005,-0.0220780285,10213
1460,2021-12-31,31.696249999999996,10.32312500023077,1.1799324325,88.68254067272727,125.03733174999999,17.241028800000002,0.28059045941666666,10226
1461,2022-01-01,32.781819444166665,11.160208333076923,1.352763158,116.99411802727272,114.281041,5.8117944,-0.1699921715,10232
1462,2022-01-02,32.935143519166665,11.276113782307693,1.14414473675,121.32129026363636,121.86355899999998,14.31377668,-0.13046575200000002,10234
1463,2022-01-03,36.82173611166667,11.581866987692308,1.16914473675,130.61635007272727,126.6598705,5.995190280000001,0.42617251966666664,10246
1464,2022-01-04,39.557546296666665,12.96826923076923,1.3454054055,136.6580510272727,120.315235,21.831963733333335,-0.800000012,10253
1465,2022-01-05,31.00788425916667,12.748157051,1.19664473675,138.41503908181818,156.1129465,5.5220864,-0.0060461459999999745,10255
1466,2022-01-06,23.91755555583333,12.29119391,1.139013158,73.03338197545455,142.91921,10.150991066666668,0.032262677060254125,10267
1467,2022-01-07,21.3016071425,12.121970636846156,0.73121621625,54.642317362727276,145.926606,6.25209416,-0.581956588,10269
1468,2022-01-08,18.7414722225,8.59272435923077,0.4910526315,38.799948165454545,107.480446,5.595277620000001,0.232658237,10281
1469,2022-01-09,17.4662222225,8.465432692307692,0.5660135135,32.12365847636364,122.50772366666666,12.695687000000001,-0.17982637533333334,10283
1470,2022-01-10,19.981781746666666,9.83272746023077,0.8489189189999999,48.78069778909091,129.68666866666666,6.515034720000001,0.04107182200000001,10296
1471,2022-01-11,18.052510510833333,9.719463141076924,0.8353289472500001,59.28898198272727,131.60752150000002,9.8553548,0.04068432216666667,10297
1472,2022-01-12,19.557921296666667,9.752011993461538,0.8869594595,68.01612940909091,126.9509085,10.360365574423167,0.04012742113420455,10307
1473,2022-01-13,23.0852777775,10.942814309384614,0.96871621625,90.46407780909091,128.755346,6.594335000000001,-0.05373988066666666,10316
1474,2022-01-14,21.982759009166667,10.168597756692309,0.86033783775,87.10743324818182,123.10920300000001,16.2380864,0.03671179084349441,10321
1475,2022-01-15,18.516384385,8.534871795153846,0.7380405405,73.94205692727273,110.8273863,5.476502666666668,0.469463706,10330
1476,2022-01-16,18.640037036666666,8.29928039723077,0.8129166667500001,86.49798484545455,134.168658,4.5407076,-0.14219896399999998,10332
1477,2022-01-17,20.6397222225,8.997192307692307,0.9084459460000001,108.0621616181818,126.28152045,7.668567,-0.20320852849999999,10344
1478,2022-01-18,19.057504629166665,7.6575685234615385,0.86317567575,112.7464191909091,141.82296575,13.31613635,-0.208459191,10351
1479,2022-01-19,19.7837268525,9.437320513076923,1.00777027025,111.8839402181818,153.318979,5.877957866666667,-0.00609981,10353
1480,2022-01-20,21.760793543333335,9.009641025923077,1.01092105275,122.83008886363636,117.65070081536686,9.456494000000001,-0.0919999905,10365
1481,2022-01-21,24.2871593575,10.075914805615385,1.0749342105,107.45896969727272,140.804332,6.654730000000001,-0.10740751000000001,10367
1482,2022-01-22,18.934459065,9.446235318384616,0.88572368425,86.76071769727272,122.468919,10.315870631963119,0.03179069064152154,10379
1483,2022-01-23,16.41979532225,9.38939826276923,0.74664473675,56.28097527545455,154.483132,11.145449649754216,0.030005185782998225,10381
1484,2022-01-24,18.25218128608333,10.588629807692307,0.83052631575,61.76418261181818,131.782144,5.6955540000000004,0.03807790311817312,10394
1485,2022-01-25,16.718307018083333,8.649100694416667,0.861381579,68.239192987,130.897388,8.022329733333335,0.31273153600000003,10395
1486,2022-01-26,16.917514264999998,9.1406527775,0.8638157894999999,72.850073684,131.20006766666665,10.467085981903073,0.49000001,10407
1487,2022-01-27,17.8756491225,9.426848958333332,0.9660526315,69.869845617,119.73723544024573,8.92236890909091,-0.1804539013333333,10409
1488,2022-01-28,23.628709065,9.701100693916667,1.04907894725,74.00629211100001,116.19518535042673,5.744753600000001,0.02,10419
1489,2022-01-29,24.643118618333332,10.12463782076923,1.3042105262500001,85.2027719309091,114.31984600000001,11.39316587692308,-0.04936624933333332,10428
1490,2022-01-30,26.96071096,10.533073614615384,1.0151973685,84.33183811818182,115.018338,12.166315555555556,-0.0764146755,10430
1491,2022-01-31,36.38667117,10.682746794923077,1.2884864864,116.09979345727274,125.146471,8.585579300000001,0.068897817,10442
1492,2022-02-01,24.751788288333334,10.784689102307691,1.3417368422,104.77624402363637,126.75688300000002,13.291036000000002,-0.02822075155555555,10449
1493,2022-02-02,25.690244744166666,10.449552884846154,1.143368421,103.28505980909091,113.621354,9.95365624,-0.1100000005,10452
1494,2022-02-03,19.764495495833334,10.397232371769231,0.794631579,72.61934210636365,145.053491,13.044793600000002,-0.575339019,10463
1495,2022-02-04,20.381342105833333,10.806597756384615,0.7869473684,41.98630462545455,120.07354779735992,5.7494724,0.109324016,10465
1496,2022-02-05,22.872866959166668,11.337413462076922,0.9061052632,50.05040988727273,134.48880075,10.689810033333336,0.06520237075000002,10477
1497,2022-02-06,28.128842105,10.914788194416666,1.0609189190000001,79.84023332699999,118.627213,6.660298560000001,0.21748386325,10480
1498,2022-02-07,30.032742690833334,12.724756943916667,1.140368421,88.95784561,119.35480875,11.962786945454546,-0.18267276833333335,10489
1499,2022-02-08,28.881540935,12.942444168461538,1.1022631578,86.28702231818183,123.342033,14.956415200000002,-0.035797438699999996,10498
1500,2022-02-09,25.234883040833335,11.567456989,0.9472631578000001,69.26400159727272,119.10136363256339,7.136874800000001,0.063637182,10500
1501,2022-02-10,24.04190350916667,11.505936311,0.8843157894000001,58.34109728818182,123.28152053936688,12.590076290909092,0.05667182430000001,10513
1502,2022-02-11,22.348121345,11.437748138923077,0.7961578948000001,47.64873923454545,116.88098350000001,5.997827920000001,0.12237168420000002,10519
1503,2022-02-12,26.558527778333332,10.924546474615385,0.9832631578,56.82949521545454,116.91008675,11.254919353846153,0.02230917061538462,10521
1504,2022-02-13,34.19236036,11.81826923076923,1.170918919,79.13611711818182,113.59225,3.239659866666667,0.008959535249999998,10533
1505,2022-02-14,34.439615615,12.228076923846153,1.3038378378000002,85.5813013818182,115.16385700000001,12.530280984615386,0.25948917445454545,10540
1506,2022-02-15,34.61535818666667,13.839260546692307,1.2388421052,86.97452073363637,117.1429175,16.622647920000002,-0.1346526056,10542
1507,2022-02-16,30.766859649166665,13.599035566153846,1.0544736842,86.02236284272728,119.70781172051004,8.820193900000001,0.0573553517,10554
1508,2022-02-17,28.661299707500003,12.85258173076923,1.0022631578,74.35239633363636,107.3640305,14.162431381818182,0.03870067015384615,10556
1509,2022-02-18,29.7877997075,14.793634615384615,0.9367368422,67.73041626636363,123.8076945,7.784024066666667,-0.05706369320000002,10568
1510,2022-02-19,25.632219218333333,12.59498593853846,0.773027027,57.51702334272727,121.4357325,11.777994766666668,-0.0292296605,10570
1511,2022-02-20,20.783502924166665,11.926567307692306,0.7447368422,52.212157895454546,120.81050744831425,5.345009200000001,0.07167727874999999,10580
1512,2022-02-21,30.889766081666664,12.979203526153846,0.9465263158000001,56.64836762454545,129.68666866666666,14.358676430769233,-0.13860157707692308,10584
1513,2022-02-22,24.95733918,13.763728701846153,0.8805263157999998,72.8098373209091,134.6343195,7.479455920000001,-0.20244373,10594
1514,2022-02-23,24.100153509166663,12.046195512076924,0.8738947368,64.99333652454546,129.880694,16.370692200000004,0.04844259142857142,10603
1515,2022-02-24,26.752504385833333,13.468918269769231,0.8872432432,83.58439235181818,147.34299233333334,19.10521956666667,0.0590991614,10608
1516,2022-02-25,26.077187135000003,14.101227564076924,0.7684210525999999,75.67058133363636,134.110451,9.683250200000002,0.0008903479999999991,10612
1517,2022-02-26,19.715625731666666,11.91494871823077,0.5971052632,34.669889951818185,112.825849,8.295755915,0.0323754646,10624
1518,2022-02-27,19.826342105,12.010678819166666,0.5520526316,39.228567545,127.51358266666666,9.89910616,0.4676990002,10629
1519,2022-02-28,21.487785086666666,11.974535393916668,0.6841621622,41.882136842,116.24069899999999,11.386293753846154,0.27664194946153847,10634
1520,2022-03-01,24.556735379166668,13.947533653615384,0.7759473684,56.027050239090904,113.7668735,4.317814800000001,0.24623477466666666,10643
1521,2022-03-02,27.546994151666667,15.167977564615386,0.8765263158,63.56108851545455,115.39668775,12.161213846153847,0.07547395490909091,10652
1522,2022-03-03,28.964749248333334,15.626166666923076,0.7354736841999999,59.61078337363636,111.060217,15.93141375,-0.389999991,10659
1523,2022-03-04,24.01740240166667,14.01295032076923,0.6134736841999999,52.39570733636364,117.89961699999999,8.930909450000001,0.3253782755,10661
1524,2022-03-05,20.919004629416666,12.957615384615385,0.685081081,42.68754013090909,126.13600124999999,11.785296145454545,0.20686426007692307,10673
1525,2022-03-06,27.457912697500003,14.470333333333334,0.8845000000000001,62.642915315,109.19757200000001,9.388203000000003,0.20043027216666667,10680
1526,2022-03-07,34.40325925916667,15.047788081416668,1.1211351351999999,87.324387713,119.151082,10.324073266666668,-0.10348370044444447,10682
1527,2022-03-08,26.79518318166667,15.712011165923077,0.8678947368,71.06336443636364,112.1952665,8.9323688,0.032174373000000006,10695
1528,2022-03-09,23.672291290833332,14.224897022076922,0.7248947367999999,49.425870812727275,126.005034,8.944664000000001,0.014448215076923074,10701
1529,2022-03-10,22.48956871333333,13.849895833076923,0.7242105264,50.057708930909094,122.2942955,8.27042456,-0.156443851,10703
1530,2022-03-11,22.9733874275,14.152910256923077,0.7878947368,54.82078229636363,127.591193,9.979909927272727,0.16461835966666666,10715
1531,2022-03-12,22.2682266075,14.216272435384614,0.8526842106,54.98141547,119.5876395,11.9273404,-0.061447777727272744,10722
1532,2022-03-13,26.243497075833332,14.308763889166668,0.8831052632,66.343196492,155.298039,11.350675466666667,0.0097524426,10724
1533,2022-03-14,30.007732455833334,15.219576388333332,1.1387894736,82.61573772,129.803084,11.324571381818183,0.07808809790909091,10736
1534,2022-03-15,28.244650585000002,14.603514423076923,1.1360526316000001,83.14207815181818,118.45259,22.117666080000003,0.16343170616666666,10738
1535,2022-03-16,22.111565789166665,13.733967949230768,0.9841081082,70.73416586909092,123.516656,10.493485482857144,0.08524127000000001,10750
1536,2022-03-17,26.563454679166668,14.388802884615385,1.1523783784000001,84.36094576636364,120.41444862626486,9.433438933333335,-0.140408893,10752
1537,2022-03-18,21.678612613333332,12.010967949,1.1915,100.1163251390909,156.11294650000002,10.218326400000002,0.164724223,10765
1538,2022-03-19,23.189146198333333,13.425658653846154,1.1406842106,80.39474321818182,120.90818108810235,11.784419040000001,0.04180210602836523,10771
1539,2022-03-20,26.461583333333333,14.354964743307693,1.0072105264000002,79.80905662727272,122.80132505178021,11.9249199,0.048881056250000006,10773
1540,2022-03-21,23.994305555,14.840903846153847,0.8963157894,78.58760367272727,123.78238292083108,11.779815353846155,0.1770128365,10786
1541,2022-03-22,18.502884503583335,13.902548076923077,0.7661621622,55.49661881909091,187.079422,11.516500866666668,0.0776240206,10792
1542,2022-03-23,26.083527778333334,15.745459935384616,0.9047027027999999,69.40030781545455,124.57631955919364,11.51339965,0.08304173866666667,10794
1543,2022-03-24,28.266211988333335,16.357089743846153,0.8806842105999999,75.81619856636364,125.09163968332669,11.5359432,0.052780423,10806
1544,2022-03-25,23.375758770833333,15.203684294615385,0.665,59.788448166363644,169.96637,11.33289596923077,0.15571262015384615,10813
1545,2022-03-26,21.64545345391667,15.429768403076922,0.6692972972,55.05656265363636,101.048499,9.976599133333336,0.257490814,10815
1546,2022-03-27,25.214601851666668,16.52311703923077,0.8003888888,60.965969697272726,126.1068975,9.407210654545453,0.09584867641666667,10827
1547,2022-03-28,35.2174234225,18.128520833846153,1.113027027,78.52264434272728,121.217454,11.709170160000001,0.08887541666666668,10829
1548,2022-03-29,30.387951755,18.34183498769231,0.9694594594000001,75.39774611,175.787136,9.81778864,0.18741458133333333,10841
1549,2022-03-30,34.498482905833335,19.80141987230769,1.0039473684,75.26068261818182,154.483132,12.181000966666668,0.0861312497,10843
1550,2022-03-31,31.01358547166667,19.850493589230766,0.8621578947999999,77.18213397545455,156.05473899999998,8.93861248888889,0.08071084833333332,10856
1551,2022-04-01,25.086315789166665,17.36365544923077,0.8161052632000001,57.26455741636364,126.08125225202033,11.141144448957467,0.21681549884615386,10862
1552,2022-04-02,29.003047008333336,19.30873717923077,0.9204736842000001,65.98155103272728,127.97543085620265,11.502119628703834,-0.319659948,10864
1553,2022-04-03,30.684909356666665,22.286852430833335,0.8997368422,68.51752895,129.17158933753728,11.91162921728931,-0.04925762318181817,10877
1554,2022-04-04,31.442344016666667,19.1554184025,0.8482631578,70.284204383,126.99416655456538,11.493035183445258,0.090893503,10883
1555,2022-04-05,33.100630342500004,19.040636217692306,0.9553157894,65.41231499363636,126.16435346887857,11.419586323523326,0.005950176499999999,10885
1556,2022-04-06,32.307863248333334,19.306645833846154,0.990368421,67.59205741818181,125.74429680879489,11.451949523297237,0.06727772254545455,10897
1557,2022-04-07,32.531960526666666,19.228245192307693,1.0341578947999999,70.22297607,125.06176938078438,11.441578076682475,0.10017073989999999,10904
1558,2022-04-08,34.4688568375,20.9184375,1.0387894736,70.79464832727272,136.84621049999998,12.041675055841221,0.028832831357142857,10906
1559,2022-04-09,33.987833333333334,21.277596153846154,1.1146315789999999,73.06511722727272,125.3214799284338,11.713832706439728,0.1616911125,10918
1560,2022-04-10,28.746166666666667,17.540504807692308,0.8717894736,68.59619298454545,149.011612,12.028433980160811,0.07847706061538462,10920
1561,2022-04-11,32.91904700916667,19.30400641,1.0317894736,62.419954545454544,125.8604597565899,11.416974054999823,-0.06125732733333333,10932
1562,2022-04-12,30.074713674999998,19.515452854615383,1.0888421052,66.53842902454545,164.960511,12.782795316875761,-0.035792079166666664,10934
1563,2022-04-13,30.222679486666664,16.054983974615386,0.9517894736000001,69.34049362727272,123.94707911919365,11.023979043770346,0.06296094718181817,10946
1564,2022-04-14,25.120850426666667,18.276477430833335,0.640368421,58.188645613999995,129.08575062017115,11.350463357400947,0.05423366400000001,10953
1565,2022-04-15,26.66372494181818,18.05723958333333,0.6396756756,45.91439999999999,124.447979,11.07953566405295,0.09769714114285713,10955
1566,2022-04-16,30.440021367499998,18.708029514166668,0.8124210526000001,57.11848859300001,126.51116412995385,9.559995520000001,0.02456350275,10968
1567,2022-04-17,35.31160256333333,18.8402732975,0.7927894736000001,63.454735963,129.48525649330392,14.752867600000002,0.05708534321428571,10974
1568,2022-04-18,38.36194674615385,21.838859446428575,1.0324210526,65.53409385,125.8491117882279,10.053434733333333,0.0786655484,10976
1569,2022-04-19,32.60889546384615,19.695782641428572,0.9386315789999999,65.76081651916667,135.68205749999998,13.899372184615386,-0.0851019183,10988
1570,2022-04-20,27.946136094615383,18.20564583285714,0.7307368422,50.148760234166666,128.36211614333328,11.782895300000002,0.09308187387500001,10995
1571,2022-04-21,27.338666666923075,17.865941245,0.7298421052,50.18291374416666,129.803084,10.827533350000001,0.024272120285714294,10997
1572,2022-04-22,23.829331502142857,16.256923611333335,0.6017368422,43.919593117692315,128.82838978226832,12.03064076,0.1156523562,11009
1573,2022-04-23,31.13909523785714,18.080619444,0.7571052632,55.253755735384615,126.92797525692181,10.05302928,0.048441323636363644,11011
1574,2022-04-24,28.932826007142857,17.998540278,0.6698947368,59.13204993307692,124.215148,11.824075525000001,0.06796383213333333,11023
1575,2022-04-25,27.966313187857143,18.407244444666667,0.7671578948000001,53.47599190076923,125.20792136023306,6.8008154,0.050379716333333324,11025
1576,2022-04-26,30.285485348571427,18.269979166666666,0.8972631578,62.10491160615384,127.64986135563205,13.199591353846156,-0.03372966661538462,11038
1577,2022-04-27,32.467437728571426,20.510145833333333,1.0215263157999999,73.97703036153847,125.43418136631726,10.51670355,0.068595477,11039
1578,2022-04-28,32.08041208785714,22.4425625,1.0712105264,80.31402766153846,154.133886,16.302749723076925,-0.18745926733333332,11049
1579,2022-04-29,26.11709890142857,22.134736111333332,1.0605789474,80.07885222076924,128.56024594224556,14.330044633333335,0.004017308363636363,11058
1580,2022-04-30,25.921749083571427,21.461694444666666,1.0913157894,65.71759513615385,128.4081061669923,15.51969945714286,0.145473966,11063
1581,2022-05-01,16.618484127142857,18.82894777285714,0.9561081081999999,51.092594219999995,127.22122847650103,12.115328314285716,0.017694024583333332,11072
1582,2022-05-02,15.82173809592857,15.956233333333333,0.856918919,42.02647262615385,125.47163196610464,9.283521466666668,-0.10536592928571428,11074
1583,2022-05-03,15.764619048071427,16.186144444666667,0.8443999999999999,45.64432051307692,127.4255902405362,13.251697723076925,0.06464236381818182,11086
1584,2022-05-04,17.245862155714285,16.444037634666667,0.6825555555999999,39.601987525384615,129.32471858694586,11.7974136,-0.18300372366666665,11093
1585,2022-05-05,22.085318680714288,17.299804659333333,0.8634444444,37.651488529230775,129.0336037946388,14.650109692307694,-0.015492616909090906,11095
1586,2022-05-06,23.226608057857142,18.654625448,0.9553888888,54.92522604846154,129.32409535901945,15.47398432727273,-0.118127337,11107
1587,2022-05-07,22.224615384285716,19.32746527733333,0.9921621622,47.00866396692307,131.11442328026618,18.619291714285715,-0.020595592272727274,11109
1588,2022-05-08,18.124844610714288,19.542304659333336,1.0457222222,45.55783645153846,129.87781036119245,17.390037600000003,0.048412616666666665,11121
1589,2022-05-09,17.073457875214284,17.339208332666665,0.8816216216000001,44.389520916923075,126.90910238581209,11.815765292307693,0.05643417344444446,11123
1590,2022-05-10,17.243494505214283,17.679569444666665,0.804918919,36.58063900153846,128.97567783031326,13.342594276923078,0.059762953333333334,11136
1591,2022-05-11,19.066532967857142,18.116722222,0.8619999999999999,40.4213522276923,126.23805050864604,9.646383400000001,0.07988102,11137
1592,2022-05-12,18.913527472142857,17.290180556,0.8155135136,42.039504048461545,146.101229,14.270186276923077,0.018264852555555558,11149
1593,2022-05-13,20.20023076907143,18.125715277999998,0.859081081,42.523605263076924,129.970816697974,15.50683032,6.168679999999926e-05,11151
1594,2022-05-14,25.441453635,20.529652778,0.943,50.15252667923077,154.017471,16.292940461538464,0.04868766124966928,11161
1595,2022-05-15,24.968098997142857,20.531951612666667,1.0135135136,56.63945460769231,127.71978269098337,13.128692872727273,0.0692766166,11170
1596,2022-05-16,19.136602564500002,19.03444982066667,0.7805263157999999,54.43895074230769,129.6411455930654,13.657662030769233,0.08934308118181819,11172
1597,2022-05-17,22.054854043076922,20.364360599285714,0.7815263158,37.892282895,130.61791915239183,13.394069400000001,0.08210029918181819,11182
1598,2022-05-18,22.241710059230765,19.65739439285714,0.7524210526,43.897905701666666,127.59164989675473,8.556836502222223,0.04052713514285714,11187
1599,2022-05-19,25.971497041538463,19.735819892857144,0.870368421,52.5236118425,127.61756932475409,11.461487680000001,0.1108002907857143,11196
1600,2022-05-20,25.02874359076923,21.15274385642857,0.830368421,56.766006579166664,129.36581383048141,11.72302952,-0.004764621666666667,11205
1601,2022-05-21,18.705523809785713,16.445590278,0.5738421052,44.40194601923077,131.30740797602516,14.149520646153848,-0.07842111870000001,11212
1602,2022-05-22,19.116272893571427,17.563479166666664,0.6065945946,39.420946693846155,130.68007904712627,13.33290172,0.09014296075,11214
1603,2022-05-23,17.222302197357145,15.671208333333334,0.6755135136,23.17461573153846,129.24057063240394,12.270002986666668,-0.0783102062,11226
1604,2022-05-24,18.816117215714286,15.318887096133333,0.793027027,24.11401417,120.606273,11.70861932,0.15496163836363636,11231
1605,2022-05-25,21.531808547333334,16.1126948920625,0.8814594594,37.69807110642857,126.72026637653177,12.382168800000002,0.005398596499999998,11235
1606,2022-05-26,24.116010989285716,18.028471326666665,0.9695263157999999,49.01857068615384,137.253664,12.49990596923077,-0.14826138209090908,11245
1607,2022-05-27,24.92057509142857,18.543426523999997,0.9800000000000001,55.73735397916666,124.2495674753705,8.367413760000002,0.008527225333333346,11255
1608,2022-05-28,21.994545787142858,17.966951612666666,0.9498421052000001,53.688789415,126.9296092787427,12.362392646153847,-0.04932697933333333,11261
1609,2022-05-29,20.41315567764286,18.049444444666666,0.8043333334,43.23812912916667,128.02229274285608,10.586586171428573,-0.14395020133333333,11263
1610,2022-05-30,20.7904505495,17.256430107333333,0.7635555556,44.630115615,129.89974624038473,14.840083692307694,0.013575325300000001,11276
1611,2022-05-31,25.558137362857142,18.407077777533335,0.882972973,50.06520304923077,129.0804827544124,14.493304545454547,-0.034915678500000005,11278
1612,2022-06-01,27.603293040714284,20.102888889333332,0.8804210526,53.770866396923076,129.50119736847645,14.724405742857144,0.14174835209999997,11287
1613,2022-06-02,25.31577265,17.8575319225,0.7707368422,46.69703696785714,139.11631,15.91942326666667,0.052358390181818176,11296
1614,2022-06-03,28.117133333333335,18.2793346775,0.7837297297999999,48.93921115214285,128.5534456152739,11.3861354,-0.16232217214285713,11303
1615,2022-06-04,32.78403274866667,19.36197244625,0.9808108108000001,45.61341988357143,127.66664420259427,14.057037971428572,0.14715498561538462,11305
1616,2022-06-05,28.093781982666666,19.879281250000002,0.9122777778,43.952455882142864,128.81357401427184,14.434101066666669,0.22122802333333333,11317
1617,2022-06-06,28.19317265,18.3848763025,0.8972222221999999,43.974655389285715,131.665729,14.793905107692309,0.2919104680909091,11322
1618,2022-06-07,27.410439766666666,19.216821236875,0.8925555556000001,53.35316538,129.10176827148723,15.46336061818182,0.198161433875,11326
1619,2022-06-08,25.143863248,18.3817382816875,0.770972973,53.142858396428565,123.982318,14.686988061538463,0.11391994545454547,11336
1620,2022-06-09,25.846888888666665,19.08997395875,0.7066666666,48.278164786428576,131.6174874721922,15.326380400000001,0.0204557292,11345
1621,2022-06-10,24.290433633333336,19.93271484375,0.6896216216,50.93831391,129.48764199365982,10.888112553846154,0.06066952569999999,11350
1622,2022-06-11,20.71940740666667,19.639322916875,0.6892222222000001,52.255316602142855,119.325705,12.941334693333335,0.11035250725000001,11354
1623,2022-06-12,21.53118412666667,19.303671875,0.62,53.46418650857142,129.05057883280014,9.512806266666667,0.04897953433333333,11366
1624,2022-06-13,20.960351852,17.568528645625,0.6457297298,51.649789575,130.02738497829245,13.500666123076924,0.09347645641666667,11371
1625,2022-06-14,17.496563492357144,19.575680555333335,0.6106111112,50.18865454,131.979095033112,13.614147840000001,0.04208948359999999,11376
1626,2022-06-15,16.035971171333333,16.519986979375002,0.6024444444,37.25558301142858,131.47656519256034,15.942019661538463,0.17964278200000003,11385
1627,2022-06-16,18.517977778200002,15.873027344375,0.6234444444,26.099548262857144,129.77489926064976,13.28965608,0.097353902,11394
1628,2022-06-17,18.286723723799998,14.448463541875,0.6642702702,23.639867116428572,128.64462553900523,12.89347334,0.007592102666666656,11401
1629,2022-06-18,17.0906060062,14.27669270875,0.6882162162000001,26.45153603642857,127.6420539411684,12.952166,0.19500000250000002,11403
1630,2022-06-19,18.5970063498,15.2653360210625,0.6263428572,29.079269841428573,128.13650194399986,12.091414266666668,0.22609247999999998,11415
1631,2022-06-20,19.439248048,14.80954427125,0.6644444444,34.94822779928571,127.67950206787607,13.660057022222224,0.3876075216666666,11422
1632,2022-06-21,20.027217416666666,15.55610677125,0.7732777778,33.26397522571428,125.42173174320442,10.65394496,0.34041521466666663,11424
1633,2022-06-22,18.0174777782,15.298834635625,0.6623428572,35.537904762857146,117.928721,13.512019876923079,-0.060088695444444444,11437
1634,2022-06-23,17.996207807333334,14.7705859376875,0.5633333333999999,41.173892535,129.27765615603397,12.391212305000002,-0.02950133675,11443
1635,2022-06-24,19.509333332866667,16.2490625,0.6137894736,41.604440797857144,111.700501,13.752947971428572,0.0614786815,11445
1636,2022-06-25,22.442360360666665,18.980947580625,0.7662631578,48.51033526428571,106.112566,16.48790456,0.1419717867,11457
1637,2022-06-26,16.9441861862,16.4207916666875,0.7587368422,38.60235489071429,127.36930904158687,11.447062440000002,0.09992724500000001,11464
1638,2022-06-27,15.9294000002,16.1247395835,0.7348947368000001,33.34122619,128.50673755315267,12.339321890909092,-0.01,11466
1639,2022-06-28,16.986683483533334,15.6926226478125,0.8219999999999998,42.80093565,120.91114511493883,2.3556776000000004,0.05542296920200385,11478
1640,2022-06-29,15.1463837838,12.607284946437499,0.7643783784,34.999722330000004,129.05687076666757,17.766965066666668,0.061242527785899156,11480
1641,2022-06-30,14.556767251533334,12.648180443375,0.6662702702,19.289686936428573,122.60956202908577,4.1095296,-0.023333330999999995,11492
1642,2022-07-01,15.234872514466668,12.933397177437499,0.7328108108,21.96740862214286,127.1280830671609,13.185107400000001,0.06703113611311322,11494
1643,2022-07-02,16.367049122666668,13.159865591375,0.746054054,25.223690154285716,126.2247578680066,11.42586544,-0.005877318000000006,11506
1644,2022-07-03,15.765183625533332,12.6172647851875,0.6631891891999999,21.836509009285713,126.05976243269927,10.386681966666668,0.03820783074999999,11513
1645,2022-07-04,16.856930994,13.6594220428125,0.875081081,34.88852777785714,125.35146258321848,12.171553742857144,0.01304328600000001,11515
1646,2022-07-05,16.3803204678,12.2462029568125,0.9161081081999999,36.58485897384615,121.45645307851228,8.093863185,0.05923751583241617,11528
1647,2022-07-06,16.100328654666665,12.8163659271875,0.778054054,27.177021136153847,124.58762176389685,10.092123709090911,0.070811286,11534
1648,2022-07-07,16.438832079785715,14.0593870962,0.8817837837999999,22.482391546153845,123.61440836928239,8.771566133333335,0.06745036615429456,11536
1649,2022-07-08,15.6357836258,12.8724193549375,0.8022162162,25.494052124285712,125.87315567145937,12.47587312727273,0.06552466178203878,11548
1650,2022-07-09,13.9212502922,13.121300403125,0.7078378378,21.228687580000003,122.75659111770713,7.378367066666667,0.444493234,11555
1651,2022-07-10,11.891834834466666,12.9398941533125,0.6012432432,18.676910603076923,127.38166670815363,10.199585933333333,-0.08251549971428572,11557
1652,2022-07-11,14.612661988466666,13.869175066875,0.7898918918,23.076405405714286,125.55167008379007,10.4370033,0.042298550375,11569
1653,2022-07-12,14.677390643533332,14.0190154565625,0.780972973,24.727559523571433,123.44246857761254,8.156841033846154,0.2948347,11571
1654,2022-07-13,16.186088888866667,13.637368056000001,0.7349189190000001,21.470470085384616,125.15943011181062,9.315000500000002,0.08001278544444444,11583
1655,2022-07-14,15.4382735042,13.7797135416875,0.6360540539999999,18.049694337142856,125.24866935488095,6.8298144,-0.028889496800000004,11585
1656,2022-07-15,14.295897661133333,13.8411559141875,0.6377297298,14.82619047642857,126.74060960013719,9.188372160000002,-0.015310117444444446,11598
1657,2022-07-16,15.7684871798,13.640052083125,0.6218378378,17.31088320357143,127.6833194495235,10.349504742857144,-0.10415056566666668,11604
1658,2022-07-17,14.2765384618,13.087584635625,0.5262162162,15.223154761642858,103.376806,10.996173266666668,0.440454304,11606
1659,2022-07-18,15.730803418666666,14.677916667062501,0.6547027028000001,19.997226512142856,101.514161,12.642842080000001,0.0807130445,11619
1660,2022-07-19,16.966388888666664,13.6019010416875,0.6981621621999999,25.828297940714286,126.63366609249162,11.0304112,0.015614287333333332,11625
1661,2022-07-20,16.269659259133334,13.4845182289375,0.6592222222,21.841079365000002,106.520019,8.5528156,0.07667644163581382,11627
1662,2022-07-21,17.218183783533334,13.4292591148125,0.6783243244,22.820675675714288,125.03808198919675,9.035875333333335,0.1768854,11639
1663,2022-07-22,15.928924924666667,13.5784062498125,0.7356756755999999,23.220779279285715,103.26039,8.655689200000001,0.07286373833333333,11646
1664,2022-07-23,14.087507507733333,13.9977903648125,0.6658378378,19.330616795714285,93.4815034,8.9954616,0.023333335,11648
1665,2022-07-24,12.305786787333334,12.916024739375,0.5718378378,14.748287965714285,127.51704325552319,11.002867320000002,0.119999997,11660
1666,2022-07-25,13.0457393396,13.098971354625,0.6316111112,14.691459459071428,126.11057100173767,9.477843750000002,0.11447396850000001,11662
1667,2022-07-26,12.667100000000001,12.9448763439375,0.6113333334,17.350218254285714,128.35424338974917,12.858638350000001,0.06745559493642302,11674
1668,2022-07-27,13.432787386866666,13.4083789060625,0.6597297298,21.14539639642857,125.45218176464739,8.528654466666667,0.06512333968897806,11676
1669,2022-07-28,13.635595195533334,13.29278906225,0.6277777778000001,21.664394144285716,123.54317456553193,4.5555596000000005,-8.829650000000133e-05,11688
1670,2022-07-29,13.990068468666667,13.754785155812499,0.643945946,18.41560038571429,126.00089320956126,9.08759288,0.12332196666666667,11695
1671,2022-07-30,14.2636756758,13.57358984375,0.645027027,18.774883576153847,126.30428978012105,8.6672512,-0.07368992,11697
1672,2022-07-31,14.506314028071428,14.578629166866667,0.5888648648,16.41982478669231,128.11060264992562,10.717583900000001,0.109999999,11710
1673,2022-08-01,14.765492481214284,15.837497222466668,0.6237297298000001,19.77129903,128.23187413103483,8.6622128,-0.18337664333333334,11716
1674,2022-08-02,15.187612782642857,15.433545833133334,0.645027027,24.23423354076923,128.73725765557106,12.147947120000001,0.10075492911111111,11718
1675,2022-08-03,16.837305555714284,15.380344444466667,0.7688888888000001,33.47770879153846,125.17315972486819,8.255094622222224,0.009982894999999999,11730
1676,2022-08-04,13.649533333533332,14.5593333329375,0.6504444443999999,24.63554591857143,126.88616093949638,9.19185982857143,-0.031314347250000006,11737
1677,2022-08-05,13.419059259800001,14.441979166875,0.6943333334,23.93494387785714,126.5636081683392,10.1374676,0.081332057,11739
1678,2022-08-06,12.578011904285715,14.650625,0.6873888887999999,30.380867346428573,125.81211392594824,8.054274514285714,-0.04053919474999999,11751
1679,2022-08-07,12.440801587142857,15.0488433908125,0.6479999999999999,23.92982483,126.40830772954247,8.03103664,0.013346416,11753
1680,2022-08-08,17.345396296466667,15.4611354168125,0.7598333333999999,25.123768707142858,124.5265307383219,7.079786720000001,0.08746193,11765
1681,2022-08-09,15.634881481533334,14.8717291666875,0.7510555556,22.129336735000003,126.11156054480563,9.857752523076924,0.06707328064519597,11767
1682,2022-08-10,14.879216216666666,14.337156250625,0.6588888888000001,17.944736395,127.43252493656475,10.8499312,0.06848979716297887,11780
1683,2022-08-11,12.138273873533334,15.168697916875,0.5583333334,14.001692176428572,127.65534806855848,8.3843817,0.06831973847660737,11781
1684,2022-08-12,13.553989189333333,15.21792708375,0.5786111112000001,14.691125850714286,126.97930135238929,7.644295345454546,0.0686031149184907,11791
1685,2022-08-13,15.307875074866667,14.818770833125,0.6406111112,22.39936394571429,127.20214722526073,9.853543163636365,0.06612902346205196,11800
1686,2022-08-14,13.321930931133332,15.0315833333125,0.5746666666,19.550086735,128.19750937995866,9.977214311111112,0.06639530519792847,11805
1687,2022-08-15,11.7646185186,14.972267241562502,0.5053714286,11.426906862357143,129.45843321512226,10.58963068103202,0.0697169367441216,11814
1688,2022-08-16,13.007716516666667,14.8447722701875,0.5626666666,15.734765405928572,128.66356717759274,10.585033575637727,0.06830681603943123,11816
1689,2022-08-17,13.348601201133333,15.180489584,0.5546111112000001,19.536643557857143,128.89848247640475,10.661416576564452,0.06653388731156845,11828
1690,2022-08-18,15.367006006,15.5020208335625,0.5952222222000001,21.528818027142854,128.60300276028514,10.709393498671975,0.0668350986744435,11835
1691,2022-08-19,13.2520774776,14.532541666250001,0.4956111112,19.654712585,129.0654957580943,10.592044846827395,0.0658471112614413,11837
1692,2022-08-20,12.865225224923078,14.5840624998125,0.5756111112,21.97246825428571,128.24254815397074,10.588277413825256,0.06487199405368604,11849
1693,2022-08-21,13.027092862307692,15.492756106249999,0.5514444444000001,27.343763605,129.01409078222449,10.760105886486926,0.062304662458139023,11851
1694,2022-08-22,10.2346531533,15.1137499998125,0.6377222222000001,25.40959693857143,127.9788430939513,10.661212777290126,0.0622548573059542,11863
1695,2022-08-23,10.117837838833333,11.41170833375,0.6345555556,25.818444445,125.4691480038317,10.152507103541666,0.060521655051409426,11865
1696,2022-08-24,10.195,12.21,0.59,25.061666665,126.48902271711484,10.272632814022252,0.06103098457889096,11871
